count,year,count_m,count_f,score_m,score_f,prop_f,diff_mf,diff_fm
101,1000,93,8,20.45619505376344,22.31725175,0.079207921,-1.861056696,1.8610566962365596
11,1001,10,1,24.7280666,28.229389,0.090909091,-3.5013224,3.501322400000003
14,1002,11,3,21.141660272727275,21.245177666666667,0.21428571428571427,-0.103517394,0.10351739393939141
12,1003,9,3,20.595403666666666,24.802321000000003,0.25,-4.206917333,4.206917333333337
10,1004,10,,23.6097048,,,,
25,1005,21,4,23.242985428571426,20.951942,0.16,2.2910434285714274,-2.291043429
14,1006,12,2,21.679410666666666,15.890225000000001,0.14285714285714285,5.789185666666665,-5.789185667
10,1007,10,,24.2927349,,,,
15,1008,14,1,22.615296999999998,25.595718,0.066666667,-2.980421,2.9804210000000033
13,1009,12,1,24.912272333333334,26.009344,0.076923077,-1.097071667,1.0970716666666647
54,1010,50,4,21.39473842,22.801043749999998,0.074074074,-1.40630533,1.4063053299999986
9,1011,9,,22.28426922222222,,,,
17,1012,12,5,24.788109000000002,22.237339600000002,0.29411764705882354,2.5507694,-2.5507694
10,1013,7,3,24.363190857142857,24.356459,0.3,0.006731857,-0.006731857
9,1014,9,,20.869337777777776,,,,
25,1015,22,3,20.725618954545453,19.760127999999998,0.12,0.9654909545454551,-0.965490955
26,1016,24,2,23.644177374999998,21.731512000000002,0.076923077,1.912665374999996,-1.912665375
14,1017,12,2,22.17589825,22.596033499999997,0.14285714285714285,-0.42013525,0.42013524999999774
20,1018,17,3,23.05156817647059,23.073033999999996,0.15,-0.021465824,0.021465823529407402
16,1019,16,,21.705952625000002,,,,
67,1020,58,9,21.219006258620688,23.045146666666668,0.13432835820895522,-1.826140408,1.8261404080459798
12,1021,10,2,21.6314321,24.2118845,0.16666666666666666,-2.5804524,2.5804523999999986
7,1022,6,1,23.28659383333333,26.143452,0.14285714285714285,-2.856858167,2.856858166666669
6,1023,5,1,23.6179734,26.164223,0.16666666666666666,-2.5462496,2.5462495999999994
17,1024,15,2,22.471297333333332,22.143818000000003,0.11764705882352941,0.32747933333332924,-0.327479333
37,1025,27,10,20.81293974074074,23.3917965,0.2702702702702703,-2.578856759,2.578856759
7,1026,5,2,20.2372498,20.3403365,0.2857142857142857,-0.1030867,0.10308669999999864
14,1027,10,4,21.2927469,19.645142749999998,0.2857142857142857,1.647604150000003,-1.64760415
13,1028,13,,21.64085784615385,,,,
13,1029,12,1,24.51852825,21.224024,0.076923077,3.2945042499999992,-3.29450425
62,1030,58,4,21.003390448275862,19.97667275,0.064516129,1.0267176982758635,-1.026717698
14,1031,12,2,22.884368499999997,25.4660805,0.14285714285714285,-2.581712,2.581712000000003
12,1032,10,2,23.9896566,18.618358,0.16666666666666666,5.371298599999999,-5.3712986
10,1033,6,4,25.259592666666666,24.907942249999998,0.4,0.3516504166666685,-0.351650417
9,1034,9,,18.949505666666667,,,,
38,1035,37,1,19.62809635135135,21.472845,0.026315789,-1.844748649,1.8447486486486504
13,1036,12,1,21.375624916666666,20.913363,0.076923077,0.46226191666666594,-0.462261917
7,1037,4,3,23.421979,20.279092000000002,0.42857142857142855,3.142886999999998,-3.142887
16,1038,15,1,19.946788333333334,21.732914,0.0625,-1.786125667,1.786125666666667
10,1039,9,1,22.617881555555556,21.374477,0.1,1.243404555555557,-1.243404556
73,1040,66,7,20.463507151515152,21.154076285714286,0.095890411,-0.690569134,0.6905691341991336
5,1041,4,1,23.9853135,13.419726,0.2,10.5655875,-10.5655875
17,1042,17,,20.956178411764704,,,,
11,1043,10,1,22.968742,21.587046,0.090909091,1.381695999999998,-1.381696
5,1044,5,,17.3735804,,,,
40,1045,34,6,21.62232329411765,22.540432499999998,0.15,-0.918109206,0.9181092058823488
22,1046,18,4,20.835422777777776,27.38004425,0.18181818181818182,-6.544621472,6.544621472222225
12,1047,11,1,23.07682318181818,21.007212,0.083333333,2.069611181818182,-2.069611182
18,1048,16,2,22.382349,25.0863085,0.1111111111111111,-2.7039595,2.7039595
17,1049,16,1,19.24475325,24.019176,0.058823529411764705,-4.77442275,4.774422750000003
87,1050,77,10,21.513472909090908,20.2189218,0.11494252873563218,1.2945511090909072,-1.294551109
9,1051,8,1,22.65740138,26.265993,0.1111111111111111,-3.608591625,3.6085916250000025
17,1052,13,4,21.734776384615387,21.409598,0.23529411764705882,0.32517838461538773,-0.325178385
11,1053,10,1,25.3488318,25.829395,0.090909091,-0.4805632,0.4805632000000024
18,1054,16,2,23.30409631,23.31772,0.1111111111111111,-0.013623688,0.013623688
41,1055,34,7,21.447741852941174,23.17973057142857,0.17073170731707318,-1.731988718,1.731988718487397
15,1056,13,2,23.72995776923077,25.0149495,0.13333333333333333,-1.284991731,1.2849917307692316
9,1057,6,3,22.2714905,22.090481,0.3333333333333333,0.18100949999999827,-0.1810095
11,1058,8,3,25.07289838,20.912942666666666,0.2727272727272727,4.159955708333335,-4.159955708
14,1059,13,1,21.127665923076922,18.302084,0.071428571,2.8255819230769212,-2.825581923
80,1060,69,11,21.577266434782608,21.17940209090909,0.1375,0.3978643438735183,-0.397864344
11,1061,9,2,21.93154555555556,22.262805,0.18181818181818182,-0.331259444,0.33125944444444144
11,1062,10,1,21.559719899999997,24.292572,0.090909091,-2.7328521,2.7328521000000023
12,1063,9,3,21.262800222222225,23.236125666666666,0.25,-1.973325444,1.9733254444444412
9,1064,8,1,19.195667,18.891623,0.1111111111111111,0.3040440000000011,-0.304044
38,1065,32,6,21.00222053,22.880601833333333,0.15789473684210525,-1.878381302,1.8783813020833335
19,1066,18,1,21.368826833333333,25.403315,0.052631579,-4.034488167,4.034488166666666
7,1067,6,1,19.47805483333333,21.392191,0.14285714285714285,-1.914136167,1.914136166666669
14,1068,13,1,22.207264846153844,24.206007,0.071428571,-1.998742154,1.9987421538461554
10,1069,10,,20.430835,,,,
87,1070,82,5,20.2555365,20.3039468,0.057471264,-0.0484103,0.0484103
8,1071,7,1,19.359315142857145,26.202185,0.125,-6.842869857,6.842869857142855
10,1072,6,4,20.520299833333336,24.2698995,0.4,-3.749599667,3.749599666666665
16,1073,14,2,25.34755592857143,20.052473,0.125,5.295082928571432,-5.295082929
12,1074,11,1,23.894896909090907,24.670847,0.083333333,-0.775950091,0.7759500909090917
57,1075,48,9,20.473885854166667,19.51680122222222,0.15789473684210525,0.957084632,-0.957084632
14,1076,10,4,22.6764841,19.837211500000002,0.2857142857142857,2.8392725999999975,-2.8392726
9,1077,7,2,20.57945557142857,17.96263,0.2222222222222222,2.6168255714285706,-2.616825571
14,1078,9,5,25.01038311111111,21.4228036,0.35714285714285715,3.587579511111109,-3.587579511
14,1079,12,2,23.398801833333334,21.4504985,0.14285714285714285,1.9483033333333353,-1.948303333
81,1080,69,12,21.41664892753623,21.773827333333333,0.14814814814814814,-0.357178406,0.3571784057971037
22,1081,17,5,20.437214470588234,23.9669354,0.22727272727272727,-3.529720929,3.5297209294117664
13,1082,10,3,22.791584800000003,20.765021,0.23076923076923078,2.0265638000000017,-2.0265638
15,1083,13,2,23.359529615384613,26.39336,0.13333333333333333,-3.033830385,3.0338303846153885
13,1084,10,3,22.289274900000002,22.454446,0.23076923076923078,-0.1651711,0.16517109999999846
33,1085,29,4,20.979711620689656,22.4795155,0.12121212121212122,-1.499803879,1.4998038793103454
15,1086,15,,21.9146602,,,,
10,1087,9,1,22.87065311111111,26.275715,0.1,-3.405061889,3.4050618888888913
16,1088,14,2,19.70200807142857,24.544992,0.125,-4.842983929,4.842983928571432
8,1089,6,2,25.525562833333336,22.383549000000002,0.25,3.1420138333333334,-3.142013833
69,1090,62,7,20.339435677419356,19.470989857142857,0.10144927536231885,0.8684458202764986,-0.86844582
12,1091,9,3,21.627621444444443,21.234018333333335,0.25,0.39360311111110846,-0.393603111
17,1092,13,4,21.360372846153844,23.66285175,0.23529411764705882,-2.302478904,2.3024789038461577
19,1093,18,1,22.307208,24.112864,0.052631579,-1.805656,1.805655999999999
7,1094,6,1,23.58026866666667,18.579428,0.14285714285714285,5.000840666666669,-5.000840667
43,1095,37,6,22.300815243243242,21.679832666666666,0.13953488372093023,0.6209825765765764,-0.620982577
24,1096,20,4,22.631182250000002,20.6562585,0.16666666666666666,1.974923750000002,-1.97492375
14,1097,10,4,21.5576494,22.1428715,0.2857142857142857,-0.5852221,0.5852220999999993
14,1098,12,2,20.752367166666666,28.4726725,0.14285714285714285,-7.720305333,7.720305333333336
11,1099,11,,21.427827727272728,,,,
156,1100,148,8,20.679245310810813,18.999244750000003,0.051282051,1.6800005608108108,-1.680000561
16,1101,11,5,20.396195181818182,23.5662622,0.3125,-3.170067018,3.1700670181818182
19,1102,16,3,20.70768188,25.556316666666664,0.15789473684210525,-4.848634792,4.848634791666665
27,1103,19,8,22.76142836842105,23.41819688,0.2962962962962963,-0.656768507,0.656768507
15,1104,12,3,22.028887083333334,21.293953000000002,0.2,0.7349340833333322,-0.734934083
40,1105,34,6,21.765568794117648,20.352431866666667,0.15,1.4131369274509815,-1.413136927
19,1106,17,2,22.532383882352942,22.187297,0.10526315789473684,0.34508688235294116,-0.345086882
18,1107,18,,21.28801411111111,,,,
15,1108,14,1,21.597857214285714,18.458717,0.066666667,3.139140214285714,-3.139140214
12,1109,10,2,22.7689735,21.781295,0.16666666666666666,0.9876785000000012,-0.9876785
90,1110,81,9,21.123656827160495,21.08248777777778,0.1,0.041169049382716594,-0.041169049
9,1111,7,2,21.267741714285712,20.699416999999997,0.2222222222222222,0.5683247142857155,-0.568324714
12,1112,7,5,20.946889857142857,21.216527,0.4166666666666667,-0.269637143,0.26963714285714246
15,1113,15,,22.410970799999998,,,,
18,1114,15,3,22.79238086666667,22.634786666666667,0.16666666666666666,0.1575942000000019,-0.1575942
51,1115,45,6,20.440305044444443,18.11680683333333,0.11764705882352941,2.3234982111111115,-2.323498211
15,1116,12,3,21.580786333333332,23.098701333333334,0.2,-1.517915,1.5179150000000021
16,1117,15,1,20.2683794,22.71887,0.0625,-2.4504906,2.4504905999999984
25,1118,19,6,23.27879905263158,18.410937,0.24,4.867862053,-4.867862053
16,1119,14,2,22.83744157142857,22.2049685,0.125,0.6324730714285707,-0.632473071
73,1120,63,10,19.91673812698413,20.3512335,0.136986301,-0.434495373,0.4344953730158707
12,1121,10,2,20.3036289,19.6839275,0.16666666666666666,0.6197014000000003,-0.6197014
19,1122,16,3,21.44203331,24.699451666666665,0.15789473684210525,-3.257418354,3.2574183541666635
20,1123,17,3,21.369709411764706,18.897031333333334,0.15,2.4726780784313718,-2.472678078
16,1124,16,,20.43150725,,,,
56,1125,48,8,20.803117458333332,22.812573875000002,0.14285714285714285,-2.009456417,2.0094564166666693
18,1126,15,3,22.954296199999998,22.395132,0.16666666666666666,0.5591641999999979,-0.5591642
17,1127,14,3,23.18889607142857,22.884749333333332,0.17647058823529413,0.3041467380952376,-0.304146738
22,1128,20,2,21.313364049999997,21.574369500000003,0.090909091,-0.26100545,0.2610054500000061
11,1129,10,1,21.957909,25.921318,0.090909091,-3.963409,3.9634089999999986
113,1130,100,13,21.0307143,21.097830846153844,0.11504424778761062,-0.067116546,0.067116546
12,1131,10,2,21.072589400000002,21.3364705,0.16666666666666666,-0.2638811,0.2638811
18,1132,17,1,21.889583588235297,16.534765,0.055555556,5.354818588235297,-5.354818588
23,1133,17,6,22.99886111764706,20.412023833333333,0.2608695652173913,2.5868372843137273,-2.586837284
20,1134,17,3,22.883396,20.248439666666666,0.15,2.634956333333335,-2.634956333
50,1135,44,6,21.761548704545454,20.868765666666665,0.12,0.8927830378787895,-0.892783038
19,1136,12,7,22.327787583333333,22.749086857142856,0.3684210526315789,-0.421299274,0.4212992738095238
17,1137,14,3,20.620274285714284,23.962033,0.17647058823529413,-3.341758714,3.3417587142857172
25,1138,24,1,21.22795225,24.031498,0.04,-2.80354575,2.803545749999998
15,1139,14,1,22.686715785714284,19.951187,0.066666667,2.7355287857142834,-2.735528786
102,1140,88,14,19.92436934090909,20.384169571428572,0.13725490196078433,-0.459800231,0.4598002305194804
16,1141,13,3,23.794713769230768,22.807424333333334,0.1875,0.9872894358974342,-0.987289436
21,1142,19,2,22.58351889473684,22.236511,0.095238095,0.3470078947368407,-0.347007895
21,1143,18,3,20.848053,23.840875666666665,0.14285714285714285,-2.992822667,2.9928226666666653
13,1144,11,2,21.44591890909091,21.973922,0.15384615384615385,-0.528003091,0.5280030909090918
47,1145,36,11,21.115881083333335,23.287451,0.23404255319148937,-2.171569917,2.171569916666666
13,1146,11,2,23.62744572727273,21.7232065,0.15384615384615385,1.904239227272729,-1.904239227
21,1147,19,2,22.563190157894734,17.7608195,0.095238095,4.802370657894734,-4.802370658
19,1148,16,3,20.49417213,18.360375,0.15789473684210525,2.1337971249999974,-2.133797125
18,1149,14,4,21.911579928571427,21.601834,0.2222222222222222,0.30974592857142724,-0.309745929
135,1150,121,14,20.26906495867769,19.90233292857143,0.1037037037037037,0.36673203010625954,-0.36673203
20,1151,16,4,20.67632769,23.11267175,0.2,-2.436344063,2.4363440625000017
28,1152,20,8,21.03945675,20.24045538,0.2857142857142857,0.7990013749999996,-0.799001375
20,1153,18,2,21.28134216666667,24.563826499999998,0.1,-3.282484333,3.282484333333329
23,1154,19,4,21.807760157894737,26.73576925,0.17391304347826086,-4.928009092,4.928009092105263
65,1155,56,9,20.97169413,21.539650555555554,0.13846153846153847,-0.567956431,0.5679564305555544
13,1156,9,4,21.24448577777778,24.49231025,0.3076923076923077,-3.247824472,3.247824472
20,1157,17,3,21.827111,21.590055666666668,0.15,0.2370553333333305,-0.237055333
27,1158,22,5,22.197874136363637,21.8240678,0.18518518518518517,0.3738063363636357,-0.373806336
9,1159,8,1,21.023048375000002,14.916351,0.1111111111111111,6.106697375000001,-6.106697375
111,1160,99,12,21.337212272727275,23.12381483333333,0.10810810810810811,-1.786602561,1.786602560606056
15,1161,12,3,22.679717,26.46594933333333,0.2,-3.786232333,3.7862323333333308
25,1162,22,3,23.55189845454545,21.641409999999997,0.12,1.9104884545454546,-1.910488455
22,1163,20,2,22.21257395,21.243147,0.090909091,0.96942695,-0.96942695
23,1164,20,3,19.89837245,21.932874333333334,0.13043478260869565,-2.034501883,2.034501883333334
66,1165,53,13,21.96156241509434,21.15160069230769,0.19696969696969696,0.8099617227866496,-0.809961723
35,1166,32,3,21.31849806,21.352487333333332,0.085714286,-0.033989271,0.033989271
13,1167,13,,19.85859476923077,,,,
14,1168,14,,22.11825507142857,,,,
15,1169,15,,23.1113514,,,,
123,1170,109,14,20.336249119266057,20.531551928571428,0.11382113821138211,-0.195302809,0.19530280930537103
14,1171,11,3,21.332939636363637,23.8116,0.21428571428571427,-2.478660364,2.4786603636363616
19,1172,16,3,23.51504263,23.93578666666667,0.15789473684210525,-0.420744042,0.42074404166666923
33,1173,27,6,22.495871962962966,21.6356715,0.18181818181818182,0.8602004629629647,-0.860200463
21,1174,17,4,21.313380176470588,27.004758250000002,0.19047619047619047,-5.691378074,5.691378073529414
71,1175,64,7,19.98519223,22.48932857142857,0.098591549,-2.504136337,2.504136337
21,1176,16,5,20.50828575,19.4726512,0.23809523809523808,1.0356345499999975,-1.03563455
31,1177,25,6,22.29072508,20.752285333333333,0.1935483870967742,1.5384397466666684,-1.538439747
30,1178,25,5,21.99316216,21.158979199999997,0.16666666666666666,0.8341829600000032,-0.83418296
18,1179,16,2,21.10131319,23.7783005,0.1111111111111111,-2.676987312,2.6769873124999997
121,1180,106,15,20.243041188679246,21.170132266666666,0.12396694214876033,-0.927091078,0.927091078
15,1181,12,3,22.306559833333335,21.232385666666666,0.2,1.074174166666669,-1.074174167
36,1182,23,13,22.603514608695654,21.119482538461536,0.3611111111111111,1.484032070234118,-1.48403207
16,1183,14,2,19.984707571428572,21.126537499999998,0.125,-1.141829929,1.1418299285714255
16,1184,14,2,21.1725745,22.3312865,0.125,-1.158712,1.1587120000000013
57,1185,48,9,20.702250437500002,21.797759555555555,0.15789473684210525,-1.095509118,1.0955091180555527
20,1186,15,5,21.663789599999998,23.4360018,0.25,-1.7722122,1.772212200000002
23,1187,21,2,21.91922476190476,22.632787,0.086956522,-0.713562238,0.7135622380952391
19,1188,15,4,22.585488866666665,27.786001,0.21052631578947367,-5.200512133,5.2005121333333335
15,1189,15,,20.484835866666668,,,,
102,1190,87,15,20.123103137931036,20.411297666666666,0.14705882352941177,-0.288194529,0.28819452873563023
26,1191,18,8,20.366578777777775,22.44399813,0.3076923076923077,-2.077419347,2.077419347222225
28,1192,18,10,22.193134555555556,20.3617209,0.35714285714285715,1.8314136555555542,-1.831413656
27,1193,22,5,19.728858136363637,23.1516532,0.18518518518518517,-3.422795064,3.422795063636361
38,1194,32,6,20.94386131,22.37957,0.15789473684210525,-1.435708688,1.435708688
54,1195,47,7,20.740890276595746,18.188102142857144,0.12962962962962962,2.552788133738602,-2.552788134
28,1196,24,4,19.768692916666666,22.68667325,0.14285714285714285,-2.917980333,2.9179803333333325
30,1197,22,8,21.511491454545453,21.19325938,0.26666666666666666,0.31823207954545296,-0.31823208
44,1198,35,9,21.30576,22.28762111111111,0.20454545454545456,-0.981861111,0.9818611111111117
28,1199,26,2,22.450615000000003,19.835136499999997,0.071428571,2.6154785000000054,-2.6154785
211,1200,178,33,19.174057415730335,19.25187415151515,0.15639810426540285,-0.077816736,0.077816736
26,1201,21,4,23.15254919047619,22.18153075,0.15384615384615385,0.9710184404761897,-0.97101844
20,1202,16,4,20.346088,23.340228,0.2,-2.99414,2.994139999999998
28,1203,23,5,20.865356130434783,20.8328456,0.17857142857142858,0.03251053,-0.03251053
34,1204,27,7,21.63713685185185,24.23610857142857,0.20588235294117646,-2.59897172,2.5989717195767206
58,1205,46,12,20.897911369565218,19.875684166666666,0.20689655172413793,1.0222272028985522,-1.022227203
32,1206,26,6,22.478720307692306,19.4351535,0.1875,3.043566807692308,-3.043566808
32,1207,25,7,21.524316480000003,21.10053414285714,0.21875,0.42378233714286395,-0.423782337
23,1208,21,2,22.55294519047619,17.938713,0.086956522,4.614232190476191,-4.61423219
25,1209,21,4,22.25861223809524,19.387828749999997,0.16,2.870783488095242,-2.870783488
125,1210,105,20,20.26122304761905,19.8362591,0.16,0.42496394761905165,-0.424963948
19,1211,15,4,23.019506533333335,23.69912825,0.21052631578947367,-0.679621717,0.6796217166666665
23,1212,14,9,20.984973571428572,21.276601444444445,0.391304348,-0.291627873,0.291627873
24,1213,22,2,20.68550790909091,20.9045045,0.083333333,-0.218996591,0.21899659090909296
20,1214,17,3,21.34091594117647,22.056375333333335,0.15,-0.715459392,0.7154593921568662
57,1215,43,14,21.530241,21.253318642857145,0.24561403508771928,0.27692235714285474,-0.276922357
26,1216,20,6,21.6331493,21.1860375,0.23076923076923078,0.4471117999999983,-0.4471118
27,1217,24,3,21.766986333333335,20.481185,0.1111111111111111,1.2858013333333354,-1.285801333
26,1218,20,6,22.744812,22.32103016666667,0.23076923076923078,0.4237818333333294,-0.423781833
23,1219,21,2,20.077666666666666,18.219369,0.086956522,1.8582976666666653,-1.858297667
127,1220,108,19,20.053232074074074,19.13027342105263,0.14960629921259844,0.9229586530214426,-0.922958653
22,1221,19,3,21.804297736842106,22.719317,0.13636363636363635,-0.915019263,0.9150192631578946
23,1222,21,2,20.385865428571428,20.8516465,0.086956522,-0.465781071,0.46578107142857306
29,1223,20,9,20.952991750000002,20.125598,0.3103448275862069,0.8273937500000024,-0.82739375
30,1224,18,12,20.198961055555557,21.1096245,0.4,-0.910663444,0.9106634444444417
74,1225,60,14,20.517163999999998,19.671494357142855,0.1891891891891892,0.8456696428571426,-0.845669643
29,1226,23,6,21.441769391304348,22.995400333333333,0.20689655172413793,-1.553630942,1.5536309420289847
28,1227,22,6,19.846084727272725,21.85906183333333,0.21428571428571427,-2.012977106,2.0129771060606068
34,1228,26,8,20.91486203846154,19.03891175,0.23529411764705882,1.8759502884615387,-1.875950288
15,1229,15,,19.2620788,,,,
141,1230,122,19,19.264553237704916,19.93249,0.1347517730496454,-0.667936762,0.6679367622950849
18,1231,16,2,21.96690538,25.1360275,0.1111111111111111,-3.169122125,3.1691221250000012
23,1232,20,3,20.02669335,20.905977333333336,0.13043478260869565,-0.879283983,0.8792839833333375
17,1233,14,3,21.959049214285717,22.651642666666664,0.17647058823529413,-0.692593452,0.6925934523809474
20,1234,14,6,19.941378785714285,22.551102833333335,0.3,-2.609724048,2.609724048
69,1235,62,7,19.89779951612903,19.464367285714285,0.10144927536231885,0.4334322304147449,-0.43343223
25,1236,19,6,22.428129578947367,20.656913,0.24,1.7712165789473673,-1.771216579
24,1237,18,6,20.392145222222222,21.031827166666666,0.25,-0.639681944,0.6396819444444439
37,1238,31,6,21.65759812903226,20.610949166666668,0.16216216216216217,1.046648962365591,-1.046648962
19,1239,19,,23.333038210526315,,,,
147,1240,135,12,20.268188414814816,20.23159625,0.081632653,0.036592165,-0.036592165
26,1241,18,8,21.36343261111111,23.98605138,0.3076923076923077,-2.622618764,2.6226187638888874
29,1242,21,8,20.98541552380952,23.1700415,0.27586206896551724,-2.184625976,2.1846259761904783
35,1243,33,2,20.804687575757576,20.3737745,0.057142857,0.43091307575757654,-0.430913076
29,1244,26,3,21.670236384615386,20.28966266666667,0.10344827586206896,1.3805737179487174,-1.380573718
63,1245,51,11,20.002326294117648,20.030008363636366,0.1746031746031746,-0.02768207,0.027682069518718322
29,1246,26,3,20.96773257692308,19.233853,0.10344827586206896,1.733879577,-1.733879577
31,1247,25,6,20.37575424,21.208597166666667,0.1935483870967742,-0.832842927,0.8328429266666681
26,1248,22,4,20.856794454545454,26.7610255,0.15384615384615385,-5.904231045,5.904231045454544
31,1249,27,4,22.18141211111111,21.3737665,0.12903225806451613,0.8076456111111128,-0.807645611
190,1250,169,21,19.64398051,19.190624476190475,0.11052631578947368,0.45335603860242557,-0.453356039
20,1251,17,3,21.696466176470587,21.46886333333333,0.15,0.2276028431372552,-0.227602843
31,1252,25,6,20.14008652,19.96068083333333,0.1935483870967742,0.17940568666666934,-0.179405687
36,1253,21,15,21.549304809523807,20.190851066666667,0.4166666666666667,1.3584537428571402,-1.358453743
34,1254,26,8,21.31636546153846,21.566990875000002,0.23529411764705882,-0.250625413,0.25062541346154177
52,1255,46,6,21.015584999999998,19.2465765,0.11538461538461539,1.7690084999999982,-1.7690085
28,1256,24,4,21.186680499999998,22.920665,0.14285714285714285,-1.7339845,1.7339845000000018
24,1257,18,6,20.24937166666667,22.644930333333335,0.25,-2.395558667,2.395558666666666
32,1258,27,5,21.563209962962965,22.5100006,0.15625,-0.946790637,0.9467906370370365
29,1259,23,6,21.255133782608695,22.722619499999997,0.20689655172413793,-1.467485717,1.4674857173913018
130,1260,110,20,19.774133854545454,19.890810600000002,0.15384615384615385,-0.116676745,0.11667674545454787
33,1261,31,2,21.580194451612904,24.7847655,0.060606061,-3.204571048,3.204571048387095
28,1262,24,4,20.17837075,24.35697,0.14285714285714285,-4.17859925,4.178599250000001
32,1263,23,9,19.88939234782609,20.865342555555557,0.28125,-0.975950208,0.9759502077294684
33,1264,23,10,20.57791113043478,17.9912549,0.30303030303030304,2.58665623,-2.58665623
55,1265,44,11,21.818362795454547,21.896000727272728,0.2,-0.077637932,0.077637932
27,1266,21,6,20.659767857142857,22.941459833333337,0.2222222222222222,-2.281691976,2.281691976
31,1267,28,3,21.370567071428574,18.678809333333334,0.096774194,2.691757738095241,-2.691757738
31,1268,24,7,20.481445625000003,21.829691,0.22580645161290322,-1.348245375,1.3482453749999976
23,1269,17,6,21.39667905882353,21.5186255,0.2608695652173913,-0.121946441,0.12194644117646902
121,1270,108,13,19.805846462962965,20.569535,0.10743801652892562,-0.763688537,0.7636885370370337
35,1271,30,5,21.680164133333335,23.957714799999998,0.14285714285714285,-2.277550667,2.277550666666663
28,1272,25,3,21.05959568,22.882627666666668,0.10714285714285714,-1.823031987,1.8230319866666669
19,1273,14,5,21.00954014285714,23.999147999999998,0.2631578947368421,-2.989607857,2.9896078571428575
31,1274,25,6,20.77227472,19.729693,0.1935483870967742,1.0425817199999976,-1.04258172
73,1275,64,9,21.13613938,18.810256777777777,0.1232876712328767,2.325882597222222,-2.325882597
30,1276,24,6,20.787460791666664,21.324120333333333,0.2,-0.536659542,0.5366595416666691
31,1277,27,4,20.65714848148148,23.8665155,0.12903225806451613,-3.209367019,3.209367018518517
29,1278,23,6,20.630371391304347,21.545895333333334,0.20689655172413793,-0.915523942,0.9155239420289867
22,1279,21,1,20.333764333333335,21.120516,0.045454545454545456,-0.786751667,0.7867516666666639
123,1280,109,14,19.803913917431192,21.085129714285717,0.11382113821138211,-1.281215797,1.281215796854525
20,1281,18,2,20.331948111111114,24.6140215,0.1,-4.282073389,4.282073388888886
36,1282,29,7,21.362277827586205,22.52889657142857,0.19444444444444445,-1.166618744,1.166618743842367
31,1283,27,4,20.51517737037037,24.53834875,0.12903225806451613,-4.02317138,4.0231713796296305
25,1284,23,2,21.923510999999998,19.552931,0.08,2.370579999999997,-2.37058
64,1285,55,9,20.52341887272727,21.556576666666665,0.140625,-1.033157794,1.0331577939393952
30,1286,23,7,20.27731313043478,20.171392,0.23333333333333334,0.1059211304347798,-0.10592113
33,1287,27,6,21.636502333333333,19.623705,0.18181818181818182,2.0127973333333316,-2.012797333
40,1288,37,3,21.87742197297297,18.10792066666667,0.075,3.769501306306303,-3.769501306
31,1289,24,7,20.910513166666664,22.356561571428568,0.22580645161290322,-1.446048405,1.4460484047619033
134,1290,117,17,20.286315606837608,20.128036352941177,0.12686567164179105,0.15827925389643127,-0.158279254
38,1291,32,6,20.93752547,18.995691333333333,0.15789473684210525,1.9418341354166664,-1.941834135
44,1292,32,12,20.82693472,23.791226249999998,0.2727272727272727,-2.964291531,2.964291531249998
34,1293,24,10,21.578440916666665,22.5441271,0.29411764705882354,-0.965686183,0.9656861833333359
30,1294,25,5,21.69794848,18.926216599999997,0.16666666666666666,2.7717318800000044,-2.77173188
51,1295,42,9,20.181031452380953,21.824175333333333,0.17647058823529413,-1.643143881,1.6431438809523797
26,1296,23,3,22.165374391304347,22.245015666666664,0.11538461538461539,-0.079641275,0.079641275
43,1297,36,7,20.09541036111111,20.742217714285715,0.16279069767441862,-0.646807353,0.646807353
36,1298,32,4,19.88545656,18.474303,0.1111111111111111,1.411153562500001,-1.411153563
32,1299,27,5,20.548676888888888,18.1358228,0.15625,2.4128540888888885,-2.412854089
201,1300,182,19,19.396719516483518,20.359872894736842,0.094527363,-0.963153378,0.9631533782533239
29,1301,26,3,22.68600173076923,19.746042333333335,0.10344827586206896,2.9399593974358957,-2.939959397
26,1302,24,2,19.597869666666668,17.857606,0.076923077,1.7402636666666673,-1.740263667
32,1303,19,13,18.010009368421052,20.43350369230769,0.40625,-2.423494324,2.4234943238866364
38,1304,30,8,20.71623226666667,21.36471925,0.21052631578947367,-0.648486983,0.6484869833333313
64,1305,56,8,19.918236642857146,21.970156,0.125,-2.051919357,2.051919357142854
25,1306,21,4,20.047148476190475,21.20363425,0.16,-1.156485774,1.1564857738095249
20,1307,15,5,21.332966,20.8738916,0.25,0.45907439999999866,-0.4590744
34,1308,31,3,21.322674032258064,21.771599666666663,0.088235294,-0.448925634,0.44892563440859945
29,1309,24,5,19.988286708333334,24.0251316,0.1724137931034483,-4.036844892,4.036844891666668
118,1310,104,14,20.036758990384616,20.715096214285715,0.11864406779661017,-0.678337224,0.6783372239010994
28,1311,21,7,20.41888838095238,21.412772571428572,0.25,-0.99388419,0.9938841904761908
33,1312,27,6,21.23025851851852,20.75996533333333,0.18181818181818182,0.4702931851851915,-0.470293185
24,1313,17,7,23.594628470588233,22.18036642857143,0.2916666666666667,1.414262042016805,-1.414262042
27,1314,23,4,21.331320260869564,21.523507,0.14814814814814814,-0.192186739,0.1921867391304346
64,1315,54,10,19.369598359259257,22.277299,0.15625,-2.907700641,2.9077006407407424
34,1316,32,2,21.33532419,20.4403295,0.058823529411764705,0.8949946874999988,-0.894994687
30,1317,25,5,19.29223532,21.2636218,0.16666666666666666,-1.97138648,1.9713864799999996
38,1318,28,10,20.20060775,21.7568063,0.2631578947368421,-1.55619855,1.5561985500000013
38,1319,33,5,20.30389087878788,19.2376576,0.13157894736842105,1.0662332787878803,-1.066233279
150,1320,131,19,19.543767816793892,21.797328789473685,0.12666666666666668,-2.253560973,2.253560972679793
25,1321,22,3,21.817517136363637,21.311525333333332,0.12,0.5059918030303052,-0.505991803
36,1322,32,4,19.90190616,21.3749615,0.1111111111111111,-1.473055344,1.4730553437500014
24,1323,20,4,19.416283749999998,20.518146,0.16666666666666666,-1.10186225,1.1018622500000035
28,1324,21,7,22.05296738095238,21.090930714285715,0.25,0.9620366666666662,-0.962036667
75,1325,66,9,19.880108181818184,20.56150811111111,0.12,-0.681399929,0.681399929
48,1326,41,7,21.39918751219512,24.550158,0.14583333333333334,-3.150970488,3.150970488
36,1327,33,3,19.195796545454545,17.521083666666666,0.083333333,1.6747128787878793,-1.674712879
36,1328,32,4,21.393883187500002,23.7820645,0.1111111111111111,-2.388181312,2.3881813124999987
27,1329,21,6,20.961137523809526,22.2424765,0.2222222222222222,-1.281338976,1.2813389761904723
152,1330,141,11,20.287962127659576,18.42143772727273,0.072368421,1.8665244003868473,-1.8665244
37,1331,33,4,20.19321224242424,24.40468025,0.10810810810810811,-4.211468008,4.211468007575757
37,1332,30,7,22.54742256666667,22.076352142857143,0.1891891891891892,0.47107042380952535,-0.471070424
35,1333,30,5,19.915858500000002,23.6319006,0.14285714285714285,-3.7160421,3.7160420999999992
36,1334,29,7,21.077616862068968,21.60684757142857,0.19444444444444445,-0.529230709,0.5292307093596023
56,1335,49,7,19.804080795918367,20.78901214285714,0.125,-0.984931347,0.9849313469387724
44,1336,41,3,21.04397787804878,21.738570666666664,0.068181818,-0.694592789,0.6945927886178858
39,1337,38,1,21.088164210526315,17.207956,0.025641026,3.880208210526316,-3.880208211
38,1338,35,3,22.05350662857143,22.805693,0.078947368,-0.752186371,0.7521863714285715
30,1339,25,5,22.367281039999998,24.4589866,0.16666666666666666,-2.09170556,2.091705560000001
139,1340,125,14,19.51574076,21.32208342857143,0.10071942446043165,-1.806342669,1.8063426685714283
37,1341,31,6,20.80297970967742,19.249978,0.16216216216216217,1.553001709677421,-1.55300171
39,1342,33,6,21.09924539393939,20.734922666666666,0.15384615384615385,0.3643227272727252,-0.364322727
33,1343,29,4,20.192025655172415,21.94743325,0.12121212121212122,-1.755407595,1.7554075948275845
33,1344,25,8,19.47788288,22.96666125,0.24242424242424243,-3.48877837,3.488778370000002
65,1345,55,10,19.380927927272726,20.651488800000003,0.15384615384615385,-1.270560873,1.2705608727272768
37,1346,29,8,20.119639482758622,19.65035575,0.21621621621621623,0.46928373275862256,-0.469283733
28,1347,18,10,19.164375888888888,24.2290427,0.35714285714285715,-5.064666811,5.064666811111113
32,1348,27,5,20.147148851851853,20.5438304,0.15625,-0.396681548,0.39668154814814827
28,1349,27,1,18.61072133333333,24.327097,0.035714286,-5.716375667,5.716375666666668
218,1350,199,19,19.378529221105527,21.436100684210526,0.087155963,-2.057571463,2.057571463104999
25,1351,22,3,19.864000181818184,21.951272333333335,0.12,-2.087272152,2.087272151515151
31,1352,26,5,21.04278465384615,18.5236322,0.16129032258064516,2.519152454,-2.519152454
22,1353,17,5,18.975529647058824,23.6780958,0.22727272727272727,-4.702566153,4.702566152941177
41,1354,37,4,19.948508918918918,21.17548875,0.097560976,-1.226979831,1.2269798310810813
80,1355,67,13,19.979423492537315,20.394776769230766,0.1625,-0.415353277,0.4153532766934518
36,1356,27,9,19.753,18.515685,0.25,1.2373149999999988,-1.237315
33,1357,30,3,20.88097733333333,19.480046666666667,0.090909091,1.4009306666666639,-1.400930667
40,1358,30,10,20.7203463,19.917908699999998,0.25,0.8024376000000011,-0.8024376
32,1359,30,2,19.7874061,14.8867515,0.0625,4.9006545999999975,-4.9006546
125,1360,104,21,20.032408461538463,18.96396695238095,0.168,1.0684415091575126,-1.068441509
29,1361,26,3,20.436950846153845,18.743106666666666,0.10344827586206896,1.6938441794871792,-1.693844179
38,1362,32,6,20.819068,19.659492166666666,0.15789473684210525,1.159575833333335,-1.159575833
35,1363,28,7,20.899056714285713,23.137779857142856,0.2,-2.238723143,2.2387231428571432
42,1364,38,4,21.012119657894736,20.692115,0.095238095,0.3200046578947351,-0.320004658
72,1365,66,6,19.01272396969697,23.673385333333332,0.083333333,-4.660661364,4.660661363636361
39,1366,29,10,20.45145472413793,21.4596552,0.2564102564102564,-1.008200476,1.008200475862072
43,1367,34,9,19.598758911764705,20.686115222222224,0.20930232558139536,-1.08735631,1.087356310457519
37,1368,32,5,21.11461341,19.9104076,0.13513513513513514,1.2042058062500018,-1.204205806
40,1369,36,4,21.893065777777778,18.6664665,0.1,3.2265992777777797,-3.226599278
182,1370,165,17,19.61810641818182,20.927718764705883,0.093406593,-1.309612347,1.3096123465240623
37,1371,32,5,20.10569038,21.917191,0.13513513513513514,-1.811500625,1.8115006250000008
34,1372,27,7,20.084722703703704,22.625865714285712,0.20588235294117646,-2.541143011,2.541143010582008
41,1373,33,8,20.455623090909093,24.38082188,0.1951219512195122,-3.925198784,3.925198784090906
39,1374,35,4,20.432791285714284,26.84935275,0.10256410256410256,-6.416561464,6.416561464285717
87,1375,79,8,19.10002130379747,19.40505938,0.091954023,-0.305038071,0.30503807120253157
35,1376,29,6,20.143044793103446,21.610085833333333,0.17142857142857143,-1.46704104,1.467041040229887
39,1377,37,2,21.44895291891892,22.053218,0.051282051,-0.604265081,0.6042650810810812
50,1378,41,9,20.46174475609756,21.04363811111111,0.18,-0.581893355,0.5818933550135519
35,1379,29,6,19.476745344827584,20.140783666666668,0.17142857142857143,-0.664038322,0.6640383218390831
179,1380,164,15,19.622122310975612,19.969585133333332,0.083798883,-0.347462822,0.34746282235771986
38,1381,34,4,19.986942,22.94895275,0.10526315789473684,-2.96201075,2.962010750000001
43,1382,39,4,20.12702176923077,20.7815985,0.093023256,-0.654576731,0.6545767307692323
31,1383,27,4,19.70164637037037,18.5307225,0.12903225806451613,1.1709238703703697,-1.17092387
46,1384,40,6,20.296878075000002,23.073237333333335,0.13043478260869565,-2.776359258,2.7763592583333327
90,1385,84,6,19.540575583333332,19.307797833333336,0.066666667,0.23277774999999679,-0.23277775
50,1386,43,7,20.688436883720932,21.536454,0.14,-0.848017116,0.8480171162790668
24,1387,21,3,19.169250476190477,24.707594666666665,0.125,-5.53834419,5.538344190476188
45,1388,37,8,21.164240297297297,18.76816225,0.17777777777777778,2.396078047297298,-2.396078047
41,1389,39,2,20.561277794871792,23.0677655,0.048780488,-2.506487705,2.506487705128208
176,1390,163,13,19.536625392638037,20.498954153846153,0.073863636,-0.962328761,0.9623287612081164
29,1391,24,5,20.203768874999998,20.0239408,0.1724137931034483,0.17982807499999964,-0.179828075
45,1392,38,7,20.909479763157897,21.042811,0.15555555555555556,-0.133331237,0.13333123684210335
35,1393,28,7,19.21112575,19.939348142857142,0.2,-0.728222393,0.7282223928571412
41,1394,36,5,22.20241675,24.0049728,0.12195121951219512,-1.80255605,1.8025560499999997
81,1395,70,11,19.760330914285714,19.873155909090908,0.13580246913580246,-0.112824995,0.11282499480519448
49,1396,44,5,20.691686295454545,20.4673026,0.10204081632653061,0.22438369545454506,-0.224383695
45,1397,37,8,22.426270783783785,19.7921825,0.17777777777777778,2.634088283783786,-2.634088284
59,1398,53,6,19.667230301886793,19.644144166666667,0.1016949152542373,0.023086135220125925,-0.023086135
29,1399,26,3,20.526615115384615,20.246618333333334,0.10344827586206896,0.2799967820512812,-0.279996782
300,1400,276,24,18.70033602536232,18.82016425,0.08,-0.119828225,0.11982822463768272
32,1401,29,3,21.268200172413792,29.417600000000004,0.09375,-8.149399828,8.149399827586212
33,1402,29,4,19.764962620689655,23.20503425,0.12121212121212122,-3.440071629,3.4400716293103457
41,1403,34,7,21.316947411764705,20.778738,0.17073170731707318,0.5382094117647043,-0.538209412
50,1404,43,7,20.06981269767442,24.678170285714288,0.14,-4.608357588,4.608357588039869
62,1405,55,7,20.140357763636363,20.916812571428572,0.11290322580645161,-0.776454808,0.7764548077922093
58,1406,53,5,20.605899377358494,18.9252758,0.086206897,1.6806235773584923,-1.680623577
35,1407,28,7,21.326126714285714,20.001564142857145,0.2,1.3245625714285687,-1.324562571
43,1408,36,7,19.691638833333332,18.774570285714283,0.16279069767441862,0.9170685476190492,-0.917068548
45,1409,40,5,20.2838125,23.2646138,0.1111111111111111,-2.9808013,2.9808012999999995
165,1410,153,12,18.84725447712418,21.107502999999998,0.072727273,-2.260248523,2.2602485228758162
40,1411,33,7,19.563933757575757,19.421204142857142,0.175,0.14272961471861478,-0.142729615
54,1412,48,6,20.31467075,16.619606833333332,0.1111111111111111,3.695063916666669,-3.695063917
44,1413,40,4,20.33413188,19.74516775,0.090909091,0.5889641250000004,-0.588964125
39,1414,36,3,20.478209666666668,19.223687,0.076923077,1.2545226666666665,-1.254522667
106,1415,95,11,20.561407705263157,20.55930818181818,0.10377358490566038,0.002099523,-0.002099523
51,1416,45,6,20.292191755555557,20.038807833333333,0.11764705882352941,0.2533839222222234,-0.253383922
62,1417,58,4,20.328790310344825,18.592143,0.064516129,1.736647310344825,-1.73664731
59,1418,51,8,19.99566294117647,22.873386625000002,0.13559322033898305,-2.877723684,2.8777236838235325
46,1419,39,7,18.68561776923077,18.02475014285714,0.15217391304347827,0.660867626,-0.660867626
227,1420,210,17,19.67669092380952,19.577144705882354,0.074889868,0.099546218,-0.099546218
43,1421,40,3,20.905146199999997,19.653486333333333,0.069767442,1.2516598666666638,-1.251659867
47,1422,40,7,19.823796350000002,22.813857428571428,0.14893617021276595,-2.990061079,2.9900610785714257
54,1423,50,4,20.862409779999997,18.82577775,0.074074074,2.0366320299999963,-2.03663203
47,1424,39,8,20.113291461538463,23.245343124999998,0.1702127659574468,-3.132051663,3.132051663461535
131,1425,116,15,19.632406181034483,20.43414146666667,0.11450381679389313,-0.801735286,0.8017352856321871
58,1426,48,10,19.36115008333333,21.657009199999997,0.1724137931034483,-2.295859117,2.2958591166666658
59,1427,53,6,20.23881637735849,21.222424166666666,0.1016949152542373,-0.983607789,0.9836077893081772
77,1428,62,15,20.284865096774194,21.783351333333332,0.19480519480519481,-1.498486237,1.4984862365591383
40,1429,38,2,20.389069894736842,20.731868,0.05,-0.342798105,0.34279810526315657
261,1430,240,21,19.09084604166667,20.408852285714286,0.08045977,-1.318006244,1.3180062440476163
44,1431,39,5,21.974998974358975,20.0194334,0.11363636363636363,1.9555655743589746,-1.955565574
49,1432,37,12,20.926747594594595,19.760353833333333,0.24489795918367346,1.1663937612612614,-1.166393761
66,1433,59,7,21.324887220338983,20.052860857142857,0.10606060606060606,1.272026363196126,-1.272026363
57,1434,50,7,19.8587712,23.010910857142857,0.12280701754385964,-3.152139657,3.1521396571428575
135,1435,121,14,20.27489788429752,20.704808571428572,0.1037037037037037,-0.429910687,0.42991068713105207
61,1436,54,7,20.261126185185184,19.951749714285715,0.11475409836065574,0.30937647089946907,-0.309376471
51,1437,42,9,19.120891785714285,23.755408444444445,0.17647058823529413,-4.634516659,4.634516659
54,1438,48,6,20.340374208333333,19.980850333333333,0.1111111111111111,0.3595238750000007,-0.359523875
49,1439,41,8,20.091211658536587,21.11481338,0.16326530612244897,-1.023601716,1.0236017164634141
257,1440,232,25,19.338925482758622,18.897293360000003,0.097276265,0.4416321227586195,-0.441632123
46,1441,41,5,21.828892975609755,20.1586814,0.10869565217391304,1.6702115756097555,-1.670211576
71,1442,63,8,19.77575780952381,22.58507763,0.11267605633802817,-2.809319815,2.809319815
62,1443,55,7,21.2122,21.939886857142856,0.11290322580645161,-0.727686857,0.7276868571428565
61,1444,49,12,20.22173085714286,19.759816833333335,0.19672131147540983,0.4619140238095234,-0.461914024
140,1445,126,14,19.856919006349205,19.951478357142857,0.1,-0.094559351,0.094559351
59,1446,52,7,20.461314980769227,22.81532842857143,0.11864406779661017,-2.354013448,2.3540134478022026
65,1447,59,6,20.80762393220339,21.168561999999998,0.092307692,-0.360938068,0.36093806779660653
63,1448,57,6,19.937424649122807,18.93003333333333,0.095238095,1.0073913157894765,-1.007391316
47,1449,34,13,20.268496588235294,21.587632,0.2765957446808511,-1.319135412,1.3191354117647052
392,1450,374,18,19.12729923262032,18.924256666666665,0.045918367,0.20304256595365544,-0.203042566
67,1451,57,10,20.638465192982455,21.9543878,0.14925373134328357,-1.315922607,1.3159226070175443
72,1452,62,10,20.2986425,19.0749902,0.1388888888888889,1.2236523000000012,-1.2236523
63,1453,54,9,20.39542635185185,23.231775333333335,0.14285714285714285,-2.836348981,2.8363489814814855
75,1454,68,7,20.240684176470587,21.58835942857143,0.093333333,-1.347675252,1.3476752521008422
141,1455,131,10,19.98739337,22.4832863,0.070921986,-2.495892926,2.495892925954198
65,1456,56,9,19.834663271428575,22.76950011111111,0.13846153846153847,-2.93483684,2.9348368396825357
51,1457,44,7,21.13070734090909,25.13482828571429,0.13725490196078433,-4.004120945,4.004120944805198
63,1458,59,4,20.088993508474577,23.751517749999998,0.063492063,-3.662524242,3.6625242415254213
68,1459,66,2,21.956690742424243,16.0554185,0.029411764705882353,5.901272242424245,-5.901272242
354,1460,337,17,19.484367172106825,18.716378176470588,0.048022599,0.7679889956362373,-0.767988996
61,1461,54,7,19.287276796296297,22.609236714285714,0.11475409836065574,-3.321959918,3.3219599179894175
72,1462,66,6,20.424815045454544,20.9296745,0.083333333,-0.504859455,0.504859455
75,1463,63,12,19.675707904761904,19.751333416666668,0.16,-0.075625512,0.075625512
76,1464,65,11,19.51757916923077,21.830766636363634,0.14473684210526316,-2.313187467,2.313187467132863
172,1465,162,10,19.787948462962966,20.7862947,0.058139535,-0.998346237,0.9983462370370333
77,1466,70,7,20.97565982857143,19.680626999999998,0.090909091,1.2950328285714328,-1.295032829
76,1467,66,10,20.67224831818182,20.3974153,0.13157894736842105,0.2748330181818197,-0.274833018
93,1468,84,9,20.06388817857143,19.609783333333336,0.096774194,0.454104845,-0.454104845
76,1469,70,6,21.04041192857143,22.1281315,0.078947368,-1.087719571,1.0877195714285683
346,1470,327,19,19.496112330275228,19.641293736842105,0.054913295,-0.145181407,0.14518140656687706
65,1471,59,6,19.243951915254236,20.1362645,0.092307692,-0.892312585,0.8923125847457634
75,1472,63,12,20.495600714285715,21.517833083333333,0.16,-1.022232369,1.022232369047618
83,1473,71,12,21.215130788732395,20.585965583333333,0.14457831325301204,0.6291652053990617,-0.629165205
77,1474,66,11,20.91994859090909,24.12094463636364,0.14285714285714285,-3.200996045,3.2009960454545485
195,1475,178,17,20.470675404494383,20.357112588235296,0.087179487,0.11356281625908693,-0.113562816
82,1476,72,10,20.696245819444446,23.1700841,0.12195121951219512,-2.473838281,2.4738382805555545
76,1477,72,4,20.38601759722222,24.48367025,0.052631579,-4.097652653,4.097652652777779
113,1478,100,13,21.67677151,20.367745,0.11504424778761062,1.309026509999999,-1.30902651
82,1479,73,9,20.121979589041096,23.89632411111111,0.10975609756097561,-3.774344522,3.774344522070013
441,1480,413,27,19.20428830992736,20.279377592592592,0.061224489795918366,-1.075089283,1.0750892826652318
79,1481,72,7,19.188190527777778,19.86547142857143,0.088607595,-0.677280901,0.6772809007936509
94,1482,86,8,20.181981093023257,20.42861375,0.085106383,-0.246632657,0.2466326569767432
100,1483,97,3,20.317248237113404,24.351135666666664,0.03,-4.03388743,4.0338874295532605
96,1484,93,3,21.468217666666668,23.043853666666667,0.03125,-1.575636,1.5756359999999994
213,1485,199,14,19.709580075376884,21.915455428571427,0.0657277,-2.205875353,2.2058753531945428
98,1486,96,2,20.529294072916667,19.067543,0.020408163,1.461751072916666,-1.461751073
125,1487,111,14,20.128451450450452,20.3935055,0.112,-0.26505405,0.2650540495495477
125,1488,115,10,20.858987217391306,21.012558000000002,0.08,-0.153570783,0.15357078260869628
114,1489,108,6,20.67645123148148,21.008847499999998,0.052631579,-0.332396269,0.33239626851851867
437,1490,402,35,19.273492179104476,19.39305537142857,0.080091533,-0.119563192,0.11956319232409385
97,1491,88,9,20.593058454545453,21.12875522222222,0.092783505,-0.535696768,0.5356967676767681
142,1492,131,11,20.36535326717557,23.09296890909091,0.077464789,-2.727615642,2.727615641915339
112,1493,105,7,21.09151832380952,22.398511428571428,0.0625,-1.306993105,1.3069931047619079
124,1494,114,10,20.67879397368421,22.4655595,0.080645161,-1.786765526,1.786765526
242,1495,229,13,19.283822724890832,20.10383123076923,0.053719008,-0.820008506,0.8200085058783984
111,1496,102,9,19.594909519607842,23.875979222222224,0.081081081,-4.281069703,4.281069702614381
124,1497,112,12,20.238755553571426,20.833166416666668,0.096774194,-0.594410863,0.5944108630952414
134,1498,120,14,19.84733345833333,23.02780907142857,0.1044776119402985,-3.180475613,3.180475613
152,1499,142,10,20.12455783802817,23.7442292,0.065789474,-3.619671362,3.619671361971829
678,1500,638,40,18.80771461755486,18.78535303,0.058997050147492625,0.022361592554862142,-0.022361593
118,1501,111,7,20.203810936936936,26.212034857142857,0.059322033898305086,-6.00822392,6.008223920205921
143,1502,129,14,20.50562476744186,21.3473435,0.097902098,-0.841718733,0.8417187325581423
145,1503,127,18,20.40309053543307,20.593361944444446,0.12413793103448276,-0.190271409,0.19027140901137685
143,1504,127,16,20.152696488188976,20.95638413,0.11188811188811189,-0.803687637,0.8036876368110235
205,1505,190,15,19.81935977894737,21.272184133333333,0.073170732,-1.452824354,1.4528243543859638
109,1506,100,9,20.15541638,20.286547,0.082568807,-0.13113062,0.13113062000000042
141,1507,131,10,19.754217992366414,23.2008038,0.070921986,-3.446585808,3.4465858076335856
164,1508,147,17,19.489358442176872,20.653753529411766,0.10365853658536585,-1.164395087,1.1643950872348938
134,1509,126,8,20.43454515079365,21.4769005,0.059701493,-1.042355349,1.0423553492063498
427,1510,399,28,19.21992891729323,20.210081071428572,0.06557377,-0.990152154,0.9901521541353411
127,1511,119,8,19.99401874789916,20.89486738,0.062992126,-0.900848627,0.9008486271008422
160,1512,153,7,19.969601477124183,23.06162157142857,0.04375,-3.092020094,3.092020094304388
149,1513,136,13,19.340149441176468,19.97744984615385,0.087248322,-0.637300405,0.6373004049773812
145,1514,139,6,19.99137360431655,18.203462666666667,0.041379310344827586,1.7879109376498832,-1.787910938
232,1515,210,22,19.329172757142857,22.62344077272727,0.094827586,-3.294268016,3.2942680155844144
159,1516,141,18,19.683706673758866,20.34080377777778,0.11320754716981132,-0.657097104,0.6570971040189129
157,1517,149,8,19.19240254362416,19.98678338,0.050955414012738856,-0.794380831,0.7943808313758431
141,1518,130,11,19.3226951,20.99128809090909,0.078014184,-1.668592991,1.6685929909090902
171,1519,155,16,19.462500548387098,22.24493263,0.093567251,-2.782432077,2.7824320766129027
446,1520,419,27,18.750233389021478,20.01723051851852,0.060538117,-1.266997129,1.2669971294970424
157,1521,147,10,19.310818687074832,20.7291557,0.063694268,-1.418337013,1.4183370129251678
164,1522,144,20,19.71764163888889,22.53905,0.12195121951219512,-2.821408361,2.8214083611111107
142,1523,128,14,19.19031561,22.855815714285715,0.098591549,-3.665500105,3.6655001049107163
157,1524,145,12,19.331984517241377,21.044959583333334,0.076433121,-1.712975066,1.712975066091957
295,1525,281,14,18.987083135231316,19.51722542857143,0.047457627,-0.530142293,0.5301422933401128
174,1526,158,16,19.30696111392405,21.88741369,0.091954023,-2.580452574,2.5804525735759505
178,1527,163,15,19.99041483435583,22.586312466666666,0.084269663,-2.595897632,2.5958976323108374
178,1528,165,13,19.747276575757574,23.234532615384616,0.073033708,-3.48725604,3.4872560396270416
171,1529,163,8,19.64181689570552,20.70359375,0.046783626,-1.061776854,1.0617768542944788
522,1530,496,26,18.75769410282258,19.3931075,0.049808429,-0.635413397,0.6354133971774196
181,1531,171,10,19.038546538011694,19.7991502,0.055248618784530384,-0.760603662,0.7606036619883056
193,1532,180,13,19.92682,21.34882669230769,0.067357513,-1.422006692,1.422006692
191,1533,174,17,20.02441888505747,21.48273582352941,0.089005236,-1.458316938,1.4583169384719383
170,1534,159,11,19.899092773584904,20.587370363636364,0.064705882,-0.68827759,0.6882775900514595
266,1535,250,16,19.139221711999998,22.12716456,0.060150376,-2.987942851,2.9879428505000014
203,1536,189,14,19.9692335,19.774025357142857,0.068965517,0.19520814550264376,-0.195208146
175,1537,168,7,19.56528182738095,21.810690857142855,0.04,-2.24540903,2.2454090297619054
192,1538,172,20,19.559155744186047,19.39261555,0.10416666666666667,0.16654019418604804,-0.166540194
170,1539,152,18,19.533684815789474,20.174599277777777,0.10588235294117647,-0.640914462,0.6409144619883023
523,1540,484,39,18.763754650826446,20.396760564102564,0.07456979,-1.633005913,1.6330059132761185
172,1541,156,16,18.98026312179487,19.18504819,0.093023256,-0.204785066,0.20478506570513133
213,1542,194,19,19.52547512,22.101295421052633,0.089201878,-2.575820302,2.5758203024959343
169,1543,158,11,19.783551911392404,21.386268272727275,0.065088757,-1.602716361,1.6027163613348705
195,1544,179,16,19.39143866480447,21.20194863,0.082051282,-1.81050996,1.8105099601955317
268,1545,247,20,19.295481157894738,21.06787495,0.074626866,-1.772393792,1.7723937921052624
173,1546,164,9,19.743524085365852,23.405444777777777,0.052023121,-3.661920692,3.6619206924119254
197,1547,176,21,19.586323670454547,21.036809095238095,0.1065989847715736,-1.450485425,1.4504854247835475
221,1548,204,17,19.12365373529412,21.48986711764706,0.076923077,-2.366213382,2.3662133823529388
184,1549,167,17,19.385935323353294,21.90546088235294,0.092391304,-2.519525559,2.5195255589996464
647,1550,611,36,18.532507833060556,19.242689861111113,0.055641422,-0.710182028,0.7101820280505571
179,1551,171,8,18.91444965497076,20.111088125000002,0.044692737,-1.19663847,1.1966384700292423
213,1552,189,24,19.814922264550265,21.002503833333332,0.11267605633802817,-1.187581569,1.1875815687830666
211,1553,198,13,19.047275136363638,22.401676076923078,0.061611374407582936,-3.354400941,3.354400941
220,1554,207,13,18.95435674879227,21.11914846153846,0.059090909,-2.164791713,2.164791713
265,1555,249,16,19.103238248995982,20.76943556,0.060377358,-1.666197314,1.6661973135040178
183,1556,165,18,19.580621581818182,21.733411333333336,0.098360656,-2.152789752,2.1527897515151544
145,1557,139,6,19.27187666906475,23.53447033333333,0.041379310344827586,-4.262593664,4.262593664268582
219,1558,208,11,19.264569591346152,19.16465990909091,0.050228311,0.099909682,-0.099909682
199,1559,186,13,18.78779502473118,19.906733538461538,0.065326633,-1.118938514,1.118938513730356
546,1560,518,28,18.875479000000002,19.41846835714286,0.051282051,-0.542989357,0.5429893571428579
233,1561,219,14,19.45984788584475,19.911430142857142,0.060085836909871244,-0.451582257,0.45158225701239374
220,1562,206,14,19.40064600485437,19.96852278571429,0.063636364,-0.567876781,0.567876781
244,1563,224,20,19.252615638839284,20.936847,0.081967213,-1.684231361,1.684231361160716
229,1564,220,9,19.476253504545454,20.35535711111111,0.039301310043668124,-0.879103607,0.879103607
303,1565,279,24,18.786579379928316,20.605854166666667,0.079207921,-1.819274787,1.819274786738351
239,1566,226,13,19.088964225663716,22.59487976923077,0.054393305,-3.505915544,3.5059155435670526
225,1567,206,19,19.416843771844658,21.810095421052633,0.084444444,-2.393251649,2.3932516492079756
249,1568,228,21,19.212815074561405,20.039216047619046,0.084337349,-0.826400973,0.8264009730576412
200,1569,188,12,19.110000909574467,21.102909583333332,0.06,-1.992908674,1.9929086737588655
525,1570,492,33,18.343378847560974,18.493839454545455,0.062857143,-0.150460607,0.15046060698448116
224,1571,212,12,19.59072583490566,19.5953975,0.053571429,-0.004671665,0.004671665
247,1572,234,13,19.004555213675214,21.39278976923077,0.052631579,-2.388234556,2.388234555555556
225,1573,206,19,19.199299762135922,21.43267136842105,0.084444444,-2.233371606,2.2333716062851288
225,1574,204,21,18.965573044117647,20.66755,0.093333333,-1.701976956,1.7019769558823512
387,1575,367,20,18.540839866485015,21.3867787,0.051679587,-2.845938834,2.8459388335149853
254,1576,237,17,18.537761556962025,20.522743176470588,0.066929134,-1.98498162,1.984981619508563
241,1577,228,13,19.194258197368423,20.542656076923077,0.053941909,-1.34839788,1.3483978795546534
247,1578,229,18,19.17615891703057,19.761647111111113,0.072874494,-0.585488194,0.5854881940805434
238,1579,223,15,19.133020896860987,19.959330733333335,0.06302521,-0.826309836,0.8263098364723476
547,1580,519,28,18.547608421965318,19.207366571428572,0.051188299817184646,-0.659758149,0.6597581494632543
236,1581,218,18,18.889179573394497,19.592963944444442,0.076271186,-0.703784371,0.7037843710499452
279,1582,263,16,18.808192463878328,18.89587569,0.05734767,-0.087683224,0.087683224
275,1583,265,10,19.187326407547168,20.8881467,0.036363636,-1.700820292,1.700820292452832
307,1584,276,31,19.055246507246377,20.042724741935483,0.10097719869706841,-0.987478235,0.9874782346891067
390,1585,366,24,19.142355592896173,20.522105208333333,0.061538462,-1.379749615,1.3797496154371593
288,1586,277,11,19.022098837545126,18.10400690909091,0.038194444,0.918091928,-0.918091928
276,1587,257,19,18.851996614785993,21.09101294736842,0.06884058,-2.239016333,2.239016332582427
321,1588,304,17,18.540425250000002,20.91173294117647,0.052959502,-2.371307691,2.371307691176469
277,1589,261,16,18.721923513409962,19.060617,0.057761733,-0.338693487,0.3386934865900386
592,1590,553,39,18.292362609403256,20.01457256410256,0.065878378,-1.722209955,1.7222099546993057
268,1591,243,25,18.70758694238683,20.3523434,0.093283582,-1.644756458,1.6447564576131697
302,1592,289,13,19.038519916955018,20.646208230769233,0.043046358,-1.607688314,1.607688313814215
279,1593,264,15,18.992663242424243,21.12938773333333,0.053763440860215055,-2.136724491,2.1367244909090886
301,1594,282,19,18.442065468085108,19.866335894736842,0.063122924,-1.424270427,1.4242704266517343
335,1595,317,18,18.992017476340695,18.902058944444445,0.053731343,0.089958532,-0.089958532
288,1596,274,14,19.082408613138686,21.308577928571427,0.048611111,-2.226169315,2.2261693154327418
280,1597,267,13,18.808383700374534,18.45987746153846,0.046428571,0.3485062388360731,-0.348506239
301,1598,283,18,18.82988574,21.166385388888887,0.059800664451827246,-2.33649965,2.3364996503729856
291,1599,270,21,19.057424911111113,20.204569285714285,0.072164948,-1.147144375,1.1471443746031724
743,1600,689,54,18.29742898984035,18.960090944444445,0.072678331,-0.662661955,0.662661955
302,1601,284,18,18.600373521126762,20.21081716666667,0.059602649006622516,-1.610443646,1.610443645539906
332,1602,301,31,18.706975986710965,21.068478709677418,0.093373494,-2.361502723,2.3615027229664527
310,1603,291,18,18.66580818556701,19.280463444444443,0.058064516,-0.614655259,0.6146552588774341
299,1604,286,13,18.534628055944054,21.021838076923075,0.043478260869565216,-2.487210021,2.4872100209790204
406,1605,386,20,18.854687269430052,19.4512137,0.049261084,-0.596526431,0.5965264305699485
329,1606,304,25,18.84858086019737,20.46034756,0.075987842,-1.6117667,1.6117666998026294
335,1607,311,24,18.776195324758845,20.792193208333334,0.071641791,-2.015997884,2.0159978835744887
294,1608,278,16,18.818884553956835,20.06821363,0.054421769,-1.249329071,1.2493290710431637
290,1609,270,20,19.015341874074075,21.17461315,0.068965517,-2.159271276,2.1592712759259243
601,1610,559,42,18.18145413237925,18.863262928571427,0.069883527,-0.681808796,0.6818087961921755
312,1611,290,22,18.82983119310345,19.45675281818182,0.070512821,-0.626921625,0.6269216250783707
321,1612,307,14,19.037164140065148,20.20867064285714,0.043613707,-1.171506503,1.171506502791992
314,1613,291,23,18.62481061168385,18.80612443478261,0.073248408,-0.181313823,0.18131382309876187
300,1614,281,19,18.640983110320285,20.64064190526316,0.063333333,-1.999658795,1.9996587949428744
389,1615,362,27,18.33658445303867,19.18412377777778,0.06940874,-0.847539325,0.8475393247391096
316,1616,298,18,18.976391674496643,20.672360777777776,0.056962025316455694,-1.695969103,1.6959691032811328
293,1617,278,15,18.71365390647482,19.4923736,0.051194539249146756,-0.778719694,0.7787196935251792
330,1618,307,23,18.813406407166124,20.167145869565218,0.06969697,-1.353739462,1.3537394623990942
318,1619,292,26,18.90983094178082,19.615808153846153,0.081761006,-0.705977212,0.7059772120653314
578,1620,545,33,18.13265629,18.760905,0.057093426,-0.628248715,0.6282487146789002
332,1621,310,22,18.76828277096774,19.556074,0.06626506,-0.787791229,0.7877912290322584
341,1622,322,19,18.689612108695652,18.81203505263158,0.055718475,-0.122422944,0.12242294393592701
317,1623,293,24,18.493543249146757,19.433073166666667,0.075709779,-0.939529918,0.9395299175199092
351,1624,322,29,18.470621186335404,19.25052886206897,0.082621083,-0.779907676,0.7799076757335648
391,1625,359,32,18.572572598885795,18.62163331,0.081841432,-0.049060714,0.049060713614203166
309,1626,288,21,18.803256024305554,20.598361285714287,0.067961165,-1.795105261,1.7951052614087324
301,1627,278,23,18.684325381294965,20.966935739130435,0.07641196,-2.282610358,2.2826103578354697
327,1628,306,21,18.566788140522874,19.42130861904762,0.064220183,-0.854520479,0.8545204785247442
308,1629,280,28,18.752467582142856,20.077743142857145,0.090909091,-1.325275561,1.3252755607142888
544,1630,508,36,18.33514353543307,20.176173916666666,0.066176471,-1.841030381,1.8410303812335975
270,1631,250,20,18.59832401,19.2157554,0.074074074,-0.617431392,0.6174313920000003
318,1632,301,17,18.883130053156147,21.497696764705882,0.053459119,-2.614566712,2.6145667115497346
315,1633,299,16,18.583280080267556,20.47665588,0.050793650793650794,-1.893375795,1.8933757947324423
347,1634,318,29,18.256366424528302,20.73516320689655,0.083573487,-2.478796782,2.4787967823682493
365,1635,342,23,18.480464002923977,21.209100217391303,0.063013699,-2.728636214,2.7286362144673255
305,1636,283,22,18.48745671024735,19.96093577272727,0.072131148,-1.473479062,1.473479062479921
308,1637,283,25,18.594306950530036,19.399216879999997,0.081168831,-0.804909929,0.8049099294699609
315,1638,296,19,18.61008655743243,21.609422263157896,0.06031746,-2.999335706,2.999335705725464
291,1639,269,22,18.087836200743492,18.70027972727273,0.075601375,-0.612443527,0.612443527
573,1640,531,42,18.128355109227872,20.00630292857143,0.073298429,-1.877947819,1.8779478193435573
313,1641,292,21,18.54310570890411,18.788611095238096,0.067092652,-0.245505386,0.2455053863339849
334,1642,309,25,18.43358649514563,19.78452932,0.074850299,-1.350942825,1.3509428248543713
313,1643,302,11,18.414743662251656,21.259512545454545,0.03514377,-2.844768883,2.844768883202889
344,1644,319,25,18.445968959247647,19.7472478,0.072674419,-1.301278841,1.301278840752353
365,1645,345,20,18.11853028695652,19.655782600000002,0.054794521,-1.537252313,1.5372523130434814
296,1646,269,27,18.18259445724907,20.32569696296296,0.091216216,-2.143102506,2.143102505713891
288,1647,261,27,18.277320168582374,20.648262666666668,0.09375,-2.370942498,2.3709424980842932
361,1648,330,31,18.278615066666667,19.813322741935483,0.085872576,-1.534707675,1.534707675268816
317,1649,297,20,18.406277996632998,20.31951735,0.063091483,-1.913239353,1.913239353367004
589,1650,546,43,17.844273501831502,19.358877744186046,0.073005093,-1.514604242,1.5146042423545438
310,1651,283,27,18.36173034628975,18.910640555555556,0.087096774,-0.548910209,0.5489102092658058
333,1652,311,22,18.285629135048232,19.999801545454545,0.066066066,-1.71417241,1.714172410406313
354,1653,336,18,18.427673818452384,21.073691555555556,0.050847458,-2.646017737,2.646017737103172
332,1654,313,19,18.214694089456867,19.201415263157894,0.057228916,-0.986721174,0.986721174
395,1655,377,18,18.318935111405835,18.19687272222222,0.04556962,0.12206238918361478,-0.122062389
329,1656,306,23,18.312833558823527,20.383843130434784,0.069908815,-2.071009572,2.071009571611256
323,1657,303,20,18.249594531353136,19.3586668,0.061919505,-1.109072269,1.109072268646866
324,1658,299,25,18.266508829431437,19.06381812,0.077160494,-0.797309291,0.7973092905685633
314,1659,290,24,18.244130779310346,18.75869788,0.076433121,-0.514567096,0.5145670956896531
554,1660,516,38,17.911061664728685,19.688428236842103,0.068592058,-1.777366572,1.7773665721134186
341,1661,315,26,18.506711815873015,20.5153255,0.076246334,-2.008613684,2.008613684126985
327,1662,300,27,18.005207183333333,20.529510185185185,0.082568807,-2.524303002,2.5243030018518517
375,1663,350,25,18.31457423142857,19.4894858,0.066666667,-1.174911569,1.1749115685714315
347,1664,326,21,18.336165923312883,20.751753,0.060518732,-2.415587077,2.4155870766871175
385,1665,366,19,17.707272084699454,19.194978631578948,0.049350649,-1.487706547,1.4877065468794939
313,1666,288,25,18.50454870833333,21.663117160000002,0.079872204,-3.158568452,3.158568451666671
324,1667,296,28,18.578176,21.332544928571426,0.086419753,-2.754368929,2.7543689285714272
348,1668,324,24,18.187200336419753,17.54753704166667,0.068965517,0.6396632947530847,-0.639663295
328,1669,302,26,17.844696509933772,20.243958730769233,0.079268293,-2.399262221,2.3992622208354604
508,1670,474,33,17.791509651898732,19.885093,0.06496063,-2.093583348,2.0935833481012693
315,1671,293,22,18.408191805460753,19.595316954545453,0.06984127,-1.187125149,1.1871251490847001
352,1672,324,28,18.135356922839506,17.899428142857143,0.079545455,0.2359287799823626,-0.23592878
349,1673,325,24,18.060852095384618,21.015291083333334,0.068767908,-2.954438988,2.9544389879487163
317,1674,295,22,18.362263166101695,19.69093659090909,0.069400631,-1.328673425,1.3286734248073948
352,1675,326,26,18.38066977607362,20.022213,0.073863636,-1.641543224,1.641543224
342,1676,318,24,18.59868638,19.98069213,0.070175439,-1.382005741,1.3820057413522022
312,1677,292,20,17.86192387328767,18.9802192,0.064102564,-1.118295327,1.1182953267123317
335,1678,315,20,18.058874276190476,19.7295848,0.059701493,-1.670710524,1.6707105238095252
355,1679,333,22,18.053080495495497,21.136527909090912,0.061971830985915494,-3.083447414,3.0834474135954153
542,1680,505,37,17.802655990099012,19.43475410810811,0.068265683,-1.632098118,1.6320981180090968
307,1681,292,15,17.599678715753424,20.297148133333334,0.048859934853420196,-2.697469418,2.697469418
379,1682,355,24,18.18625304225352,20.171908916666666,0.063324538,-1.985655874,1.9856558744131476
385,1683,367,18,18.17541493188011,20.144988166666664,0.046753246753246755,-1.969573235,1.969573234786555
367,1684,343,24,18.186464361516034,20.690544,0.065395095,-2.504079638,2.504079638483965
386,1685,360,26,18.481374491666667,19.797603115384614,0.067357513,-1.316228624,1.3162286237179472
362,1686,343,19,18.024230720116616,18.64531594736842,0.052486187845303865,-0.621085227,0.6210852272518039
340,1687,320,19,17.78372068,18.73428194736842,0.055882353,-0.950561266,0.9505612661184202
379,1688,357,21,18.411560801120448,19.61820852380952,0.055408970976253295,-1.206647723,1.2066477226890733
351,1689,330,21,18.35707710909091,18.83596319047619,0.05982906,-0.478886081,0.478886081
522,1690,500,22,18.18527952,18.8056975,0.042145594,-0.62041798,0.6204179799999991
306,1691,296,10,17.902476040540538,18.606533000000002,0.032679738562091505,-0.704056959,0.7040569594594643
348,1692,329,19,18.040787057750762,20.64714810526316,0.054597701,-2.606361048,2.6063610475123973
358,1693,332,26,18.197609876506025,20.775687653846152,0.072625698,-2.578077777,2.578077777340127
338,1694,317,21,18.39304527760252,18.443027761904762,0.062130178,-0.049982484,0.049982484
408,1695,382,26,18.254919916230367,19.357656846153848,0.06372549,-1.10273693,1.1027369299234806
409,1696,367,42,18.19317339237057,18.882988952380952,0.10268948655256724,-0.68981556,0.6898155600103806
401,1697,373,28,18.33677533243968,19.50193260714286,0.069825436,-1.165157275,1.165157275
426,1698,398,28,18.19897426884422,18.69211089285714,0.0657277,-0.493136624,0.49313662401291936
399,1699,374,25,18.33815067,20.61426296,0.062656642,-2.276112294,2.2761122942245997
730,1700,673,57,17.846289907875185,19.102195000000002,0.078082192,-1.255905092,1.2559050921248165
402,1701,383,19,17.643739673629245,19.507109684210526,0.047263682,-1.863370011,1.8633700105812814
392,1702,374,18,18.24640457486631,20.563901333333334,0.045918367,-2.317496758,2.3174967584670227
429,1703,409,20,18.205787841075793,20.3002585,0.046620046620046623,-2.094470659,2.094470658924209
406,1704,377,29,18.13747246949602,18.66275924137931,0.071428571,-0.525286772,0.5252867718832874
426,1705,402,24,18.103581300995025,18.925634,0.056338028169014086,-0.822052699,0.8220526990049741
367,1706,339,28,18.04650039823009,19.25414354642857,0.076294278,-1.207643148,1.2076431481984784
403,1707,375,28,18.254626477333336,18.736154714285714,0.069478908,-0.481528237,0.48152823695237856
442,1708,414,28,18.069423898550724,18.962220357142858,0.063348416,-0.892796459,0.8927964585921337
437,1709,411,26,18.26567476399027,19.30214292307692,0.059496567505720827,-1.036468159,1.0364681590866525
606,1710,568,38,18.02176004419014,19.046285921052633,0.062706271,-1.024525877,1.0245258768624907
387,1711,360,27,18.504930447222222,20.809315148148148,0.069767442,-2.304384701,2.304384700925926
443,1712,419,24,18.16577967541766,19.78631213,0.054176072,-1.62053245,1.6205324495823383
448,1713,416,32,18.302082125000002,19.91752816,0.071428571,-1.615446031,1.6154460312499985
478,1714,449,29,18.42727572828508,20.73268051724138,0.060669456066945605,-2.305404789,2.3054047889563023
528,1715,496,32,18.189504570564516,19.42707606,0.060606061,-1.237571492,1.2375714919354834
468,1716,441,27,18.019592537414965,18.758642814814817,0.057692307692307696,-0.739050277,0.7390502773998513
527,1717,504,23,18.129997680555554,19.69951052173913,0.043643264,-1.569512841,1.569512841183574
489,1718,455,34,18.08416091868132,19.448849147058823,0.069529652,-1.364688228,1.3646882283775028
498,1719,465,33,18.19071029032258,18.366192878787878,0.06626506,-0.175482588,0.17548258846529663
697,1720,642,55,17.844871591121496,18.52950150909091,0.078909613,-0.684629918,0.6846299179694135
529,1721,505,24,18.24846373069307,20.004803416666665,0.045368620037807186,-1.756339686,1.7563396859735931
526,1722,494,32,18.151132670040486,19.40713722,0.060836501901140684,-1.256004549,1.256004548709516
588,1723,549,39,18.15871601457195,19.553618128205127,0.066326531,-1.394902114,1.3949021136331758
577,1724,546,31,18.181560124542123,20.884506580645162,0.053726169844020795,-2.702946456,2.7029464561030387
635,1725,598,37,18.234398332775918,18.873207918918922,0.058267717,-0.638809586,0.6388095861430045
640,1726,601,39,17.972425835274542,18.618401,0.0609375,-0.645975165,0.6459751647254564
581,1727,542,39,18.15378862915129,19.465267615384615,0.067125645,-1.311478986,1.3114789862333254
553,1728,508,44,18.302668820866142,18.841287386363636,0.079566004,-0.538618565,0.5386185654974938
642,1729,609,33,18.020281722495895,20.256888727272724,0.051401869,-2.236607005,2.236607004776829
791,1730,733,58,18.003401773533426,18.509458275862066,0.073324905,-0.506056502,0.5060565023286401
648,1731,609,39,18.067900988013136,19.327982307692306,0.060185185,-1.26008132,1.2600813196791698
634,1732,600,34,18.221315113333333,18.915499852941174,0.05362776,-0.69418474,0.6941847396078415
629,1733,597,32,17.812120996649917,19.04145794,0.050874404,-1.229336941,1.2293369408500823
732,1734,682,50,17.886679347507332,19.560346199999998,0.068306011,-1.673666852,1.6736668524926657
785,1735,744,41,18.121755184139786,18.23949339,0.052229299,-0.117738206,0.11773820610411434
716,1736,683,33,17.815483257686676,19.677656454545456,0.046089385474860335,-1.862173197,1.8621731968587802
712,1737,661,51,17.86599806656581,19.72107762745098,0.071629213,-1.855079561,1.855079560885173
734,1738,700,34,17.95570767857143,19.425147852941176,0.046321526,-1.469440174,1.4694401743697476
789,1739,750,39,17.915379662666666,18.767620846153847,0.049429657794676805,-0.852241183,0.8522411834871804
992,1740,932,60,17.921804275751075,18.626673283333332,0.060483871,-0.704869008,0.704869008
752,1741,709,43,18.144367125528916,18.844776860465117,0.057180851063829786,-0.700409735,0.7004097349362013
767,1742,733,34,17.94525375170532,19.623673617647057,0.044328553,-1.678419866,1.6784198659417378
812,1743,763,49,17.90863604587156,20.32220081632653,0.060344828,-2.41356477,2.4135647704549683
870,1744,822,48,17.894277711678832,19.704032166666668,0.055172414,-1.809754455,1.8097544549878357
902,1745,848,54,18.391166155660375,18.53976187037037,0.059866962,-0.148595715,0.14859571470999455
861,1746,790,71,18.13555218987342,18.988036492957747,0.082462253,-0.852484303,0.8524843030843279
791,1747,752,39,17.879090565159576,18.226261205128203,0.049304678,-0.34717064,0.3471706399686276
900,1748,854,46,17.96085791615925,19.121538260869567,0.051111111111111114,-1.160680345,1.1606803447103182
900,1749,844,56,17.834176627962083,19.59592764285714,0.062222222,-1.761751015,1.761751014895058
1212,1750,1129,83,17.701797637732508,19.025078024096388,0.068481848,-1.323280386,1.323280386
919,1751,863,56,17.94444886442642,19.569562517857143,0.060935799782372145,-1.625113653,1.6251136534307236
1014,1752,958,56,17.981868217118997,19.801792892857144,0.055226824457593686,-1.819924676,1.8199246757381466
1003,1753,933,70,17.960417278670953,19.389497214285715,0.069790628,-1.429079936,1.4290799356147623
1082,1754,1017,64,18.12967255,18.67651895,0.059149722735674676,-0.546846406,0.5468464064190002
1126,1755,1056,68,17.94268706155303,19.559660823529413,0.060390764,-1.616973762,1.6169737619763822
1105,1756,1046,59,17.850329352772466,19.088671084745766,0.053393665,-1.238341732,1.2383417319732999
1003,1757,942,61,18.053437046709128,18.916220704918032,0.060817547,-0.862783658,0.8627836582089046
1044,1758,974,70,17.922865740246408,19.260728957142856,0.067049808,-1.337863217,1.337863216896448
1048,1759,987,61,17.98491740628166,19.780295786885244,0.058206107,-1.795378381,1.7953783806035837
1213,1760,1119,94,17.72486566219839,19.123246308510637,0.077493817,-1.398380646,1.3983806463122477
1002,1761,926,76,18.010629907127427,19.259145750000002,0.075848303,-1.248515843,1.2485158428725747
1059,1762,983,76,17.967869733468973,18.781353486842107,0.071765817,-0.813483753,0.8134837533731343
1065,1763,1003,61,17.887607506480556,18.819520442622952,0.057276995,-0.931912936,0.9319129361423961
1123,1764,1057,66,17.85002857899716,19.087605303030305,0.058771148708815675,-1.237576724,1.2375767240331434
1123,1765,1062,61,17.697766480225987,19.257243262295084,0.054318789,-1.559476782,1.5594767820690976
1104,1766,1046,58,18.049932547036327,18.531504862068964,0.052536232,-0.481572315,0.4815723150326363
1110,1767,1043,67,18.035057471716204,18.549936805970148,0.06036036,-0.514879334,0.5148793342539442
1157,1768,1068,89,17.942384695692883,20.053649011235954,0.076923077,-2.111264316,2.111264315543071
1179,1769,1104,75,18.021432923007247,18.912872,0.063613232,-0.891439077,0.8914390769927536
1390,1770,1298,92,17.869808032819723,18.11133545652174,0.06618705,-0.241527424,0.24152742370201707
1108,1771,1035,73,18.016387446376815,18.466103630136985,0.065884477,-0.449716184,0.4497161837601702
1217,1772,1155,62,18.121305322943723,19.20580522580645,0.050944947,-1.084499903,1.0844999028627278
1165,1773,1087,78,18.03361198,19.591477871794872,0.06695279,-1.557865889,1.5578658892741721
1238,1774,1171,67,17.853280394534583,18.884501746268654,0.054119548,-1.031221352,1.0312213517340716
1233,1775,1159,74,18.147407045729075,20.08286102702703,0.060016221,-1.935453981,1.9354539812979539
1165,1776,1078,87,18.034333783858997,19.19135148275862,0.074678112,-1.157017699,1.1570176988996224
1158,1777,1094,64,18.189131036563072,19.65304141,0.055267702936096716,-1.46391037,1.4639103696869284
1169,1778,1086,83,18.09195859576427,18.906814927710844,0.071000855,-0.814856332,0.8148563319465723
1148,1779,1082,66,18.053598611829944,19.380561893939394,0.057491289,-1.326963282,1.3269632821094497
1435,1780,1334,101,18.006022290104948,19.06102284851485,0.070383275,-1.055000558,1.0550005584099011
1103,1781,1029,74,18.08416412536443,18.503465635135136,0.067089755,-0.41930151,0.4193015097707047
1103,1782,1037,66,18.25315410607522,19.038453212121212,0.059836809,-0.785299106,0.7852991060459935
1105,1783,1035,70,18.19454772657005,19.192828371428572,0.063348416,-0.998280645,0.9982806448585215
1209,1784,1144,65,18.221787100524473,18.698219230769233,0.053763440860215055,-0.47643213,0.47643213024475983
1286,1785,1209,76,17.939750433416048,19.284907118421053,0.059097978,-1.345156685,1.345156685005005
1345,1786,1267,78,18.23653028492502,19.203040743589742,0.057992565,-0.966510459,0.9665104586647217
1301,1787,1239,62,18.31788207748184,18.778127790322582,0.04765565,-0.460245713,0.46024571284074156
1421,1788,1333,88,18.003108358589646,18.98275240909091,0.06192822,-0.979644051,0.979644051
1361,1789,1285,76,17.99160408225681,19.364400828947367,0.055841293166789124,-1.372796747,1.3727967466905575
1577,1790,1494,82,17.83078100535475,17.69859004878049,0.051997464,0.13219095657426294,-0.132190957
1314,1791,1240,73,17.969350090322582,19.032229150684934,0.055555556,-1.06287906,1.0628790603623521
1489,1792,1414,75,18.054826101131543,19.055088173333335,0.050369375419744795,-1.000262072,1.0002620722017923
1526,1793,1440,86,17.919309613194443,18.996460006976744,0.056356488,-1.077150394,1.0771503937823006
1517,1794,1428,89,18.07450886694678,18.062949393258428,0.058668425,0.011559473688350863,-0.011559474
1576,1795,1484,91,18.04327423989218,18.359090494505494,0.057741116751269035,-0.315816255,0.3158162546133134
1634,1796,1551,83,18.067099199613153,18.98508838554217,0.050795594,-0.917989186,0.9179891859290166
1641,1797,1539,102,18.133957635477586,19.79494045098039,0.062157221206581355,-1.660982816,1.6609828155028055
1749,1798,1660,88,18.01823120120482,18.93044293181818,0.050314465408805034,-0.912211731,0.912211731
1703,1799,1621,81,17.943023922887107,19.55452012345679,0.047563124,-1.611496201,1.6114962005696825
2181,1800,2046,135,17.958854149560118,18.814212117037037,0.061898211829436035,-0.855357967,0.8553579674769196
1801,1801,1702,99,18.075993571092834,19.287042595959594,0.054969461410327596,-1.211049025,1.2110490248667602
1992,1802,1900,92,18.00717759405263,18.78161083695652,0.046184739,-0.774433243,0.7744332429038892
1906,1803,1790,116,17.98886142960894,18.87657852586207,0.060860440713536204,-0.887717096,0.8877170962531302
2013,1804,1914,99,17.996643147335423,19.442239191919192,0.049180328,-1.445596045,1.4455960445837697
1990,1805,1875,115,18.022536906133332,18.889146929565214,0.057788945,-0.866610023,0.8666100234318819
1961,1806,1870,91,17.95392536470588,19.22989732967033,0.046404895461499236,-1.275971965,1.275971964964448
2032,1807,1921,111,17.819613600208225,18.783255378378378,0.054625984251968504,-0.963641778,0.9636417781701532
2220,1808,2113,106,17.942096268812115,18.896891594339625,0.047747747747747746,-0.954795326,0.9547953255275097
2169,1809,2061,107,18.10380712178554,18.16064763551402,0.049331489,-0.056840514,0.056840514
2378,1810,2264,114,18.015792128091874,18.52352797368421,0.047939445,-0.507735846,0.507735846
2218,1811,2102,116,18.044650675214083,18.78291492241379,0.052299369,-0.738264247,0.7382642471997087
2351,1812,2219,131,17.939073025236592,18.76770485496183,0.05572097,-0.82863183,0.8286318297252393
2186,1813,2070,116,18.09621135521739,18.651486065517243,0.053064958828911254,-0.55527471,0.5552747102998516
2279,1814,2156,122,17.99433937476809,19.262191303278687,0.053532251,-1.267851929,1.2678519285105985
2456,1815,2310,146,17.90257695887446,19.01508051369863,0.059446254071661236,-1.112503555,1.1125035548241726
2377,1816,2245,132,17.74845706325167,18.333838636363634,0.055532183,-0.585381573,0.5853815731119631
2450,1817,2312,138,18.023445487889273,18.76260606521739,0.056326531,-0.739160577,0.7391605773281178
2529,1818,2374,155,17.991581813395115,18.853259606451612,0.061289047,-0.861677793,0.8616777930564972
2582,1819,2422,160,17.911154725020644,19.34577726,0.061967467079783116,-1.434622537,1.4346225374793562
2721,1820,2555,166,17.787274824266145,18.976946493975905,0.061006983,-1.18967167,1.1896716697097602
2488,1821,2339,149,17.920282075673363,18.724116073825503,0.05988746,-0.803833998,0.8038339981521396
2551,1822,2418,133,17.92423281389578,18.73255187218045,0.052136417,-0.808319058,0.8083190582846704
2498,1823,2366,132,17.86524824852071,18.15570847727273,0.052842274,-0.290460229,0.2904602287520177
2575,1824,2410,165,17.851698090497926,18.402025187878788,0.06407767,-0.550327097,0.5503270973808618
2652,1825,2469,183,17.83850563750506,18.46135518579235,0.069004525,-0.622849548,0.622849548
2551,1826,2394,157,17.760366883876358,18.71387774522293,0.061544492,-0.953510861,0.9535108613465724
2639,1827,2459,179,17.766909906059375,18.300901424581006,0.067828723,-0.533991519,0.5339915185216313
2678,1828,2516,162,17.871922170508743,18.263674925925926,0.060492905153099324,-0.391752755,0.39175275541718335
2555,1829,2404,150,17.84757017886855,17.70579514,0.058708415,0.14177503886855192,-0.141775039
2832,1830,2632,199,17.626021753039513,18.82015116080402,0.070268362,-1.194129408,1.1941294077645068
2649,1831,2473,174,17.766113911039223,19.03738022413793,0.065685164,-1.271266313,1.2712663130987067
2684,1832,2507,177,17.814598939768647,18.534480966666667,0.065946349,-0.719882027,0.7198820268980199
2763,1833,2579,184,17.74135919577356,18.366906853260872,0.066594282,-0.625547657,0.6255476574873136
2704,1834,2518,186,17.667103083796665,18.33797945698925,0.068786982,-0.670876373,0.6708763731925842
2787,1835,2602,185,17.806114304381246,18.447375421621622,0.06637962,-0.641261117,0.6412611172403757
2872,1836,2636,236,17.61112390477997,18.139529708050848,0.082172702,-0.528405803,0.5284058032708785
2905,1837,2706,199,17.86772552734664,18.742005236180905,0.068502582,-0.874279709,0.8742797088342655
2980,1838,2788,190,17.768469245337158,18.102190036842106,0.063758389,-0.333720792,0.33372079150494827
3053,1839,2829,224,17.703180558289148,17.846988879464284,0.073370455,-0.143808321,0.1438083211751362
3333,1840,3068,264,17.683287690026074,18.072662143939393,0.079207921,-0.389374454,0.3893744539133195
3020,1841,2797,222,17.6842147,18.229380162162162,0.073509934,-0.545165463,0.5451654628414602
3152,1842,2912,239,17.76765548592033,18.02773789958159,0.075824873,-0.260082414,0.2600824136612623
3216,1843,2978,236,17.60018527669577,18.490171309322033,0.073383085,-0.889986033,0.8899860326262647
3460,1844,3201,258,17.62390672455483,18.645241833333333,0.074566474,-1.021335109,1.021335108778505
3160,1845,2913,247,17.630990745966358,18.31247670445344,0.078164557,-0.681485958,0.6814859584870838
3223,1846,2980,243,17.747807282214765,18.33420247325103,0.075395594,-0.586395191,0.5863951910362637
3200,1847,2917,283,17.659715539252655,18.523493514487633,0.0884375,-0.863777975,0.8637779752349779
3301,1848,3024,277,17.841529200396824,18.297251440433214,0.083913965,-0.45572224,0.4557222400363905
3249,1849,2990,258,17.688130822207356,18.509470790697673,0.079409049,-0.821339968,0.8213399684903173
3608,1850,3305,302,17.733869473827532,18.44046960927152,0.083702882,-0.706600135,0.7066001354439884
3280,1851,3015,265,17.823572544941957,18.072816524528303,0.080792683,-0.24924398,0.24924397958634614
3494,1852,3254,240,17.787000485248925,17.728257332916666,0.068689181,0.058743152332258575,-0.058743152
3276,1853,2988,287,17.759144470883534,17.92619144947735,0.087606838,-0.167046979,0.16704697859381668
3628,1854,3305,323,17.84747455128593,18.035014126934986,0.089029768,-0.187539576,0.18753957564905477
3545,1855,3245,299,17.719068050539292,18.185265411371237,0.084344147,-0.466197361,0.46619736083194496
3840,1856,3514,325,17.827488547239614,17.680895772307693,0.084635417,0.14659277493192135,-0.146592775
3900,1857,3540,360,17.855959652259887,18.454518877777776,0.092307692,-0.598559226,0.5985592255178886
4032,1858,3651,380,17.929856419090658,18.62974192105263,0.094246032,-0.699885502,0.6998855019619725
4207,1859,3847,360,17.864513365245646,18.116321319444445,0.085571666,-0.251807954,0.2518079541987994
4441,1860,3999,442,17.744945505626408,18.14871956561086,0.099527134,-0.40377406,0.40377405998445326
4223,1861,3817,406,17.811075911448782,18.48044892364532,0.096140185,-0.669373012,0.6693730121965373
4398,1862,3966,432,17.80104053277862,18.13057192361111,0.098226467,-0.329531391,0.3295313908324893
4424,1863,4021,402,17.881548760258642,18.007813246268658,0.090867993,-0.126264486,0.12626448601001528
4422,1864,3986,435,17.806579227044658,18.408388733333332,0.098371777,-0.601809506,0.6018095062886744
4517,1865,4049,468,17.74184942010373,18.252890386752135,0.10360858977197254,-0.511040967,0.5110409666484053
4627,1866,4164,463,17.803341776897213,18.013451982721385,0.10006483682731791,-0.210110206,0.21011020582417217
4699,1867,4234,465,17.87011184983467,18.329395458064518,0.098957225,-0.459283608,0.45928360822984615
4784,1868,4333,451,17.79498369,18.504674662971176,0.094272575,-0.709690977,0.709690977
4948,1869,4454,493,17.747661523574315,18.216965329006086,0.099636217,-0.469303805,0.4693038054317711
5263,1870,4735,528,17.748806160718058,17.85230150757576,0.1003230096902907,-0.103495347,0.10349534685770223
4829,1871,4332,497,17.733229570960294,18.14445141227364,0.10291985918409609,-0.411221841,0.4112218413133455
5232,1872,4680,552,17.831817077564104,18.31102433514493,0.10550458715596331,-0.479207258,0.47920725758082483
5274,1873,4717,555,17.840489303752385,18.286057127927926,0.10523321956769056,-0.445567824,0.44556782417554075
5441,1874,4874,566,17.88244156520312,18.201096994699647,0.10402499540525639,-0.318655429,0.3186554294965269
5461,1875,4855,606,17.704270966673533,18.221447729372937,0.11096868705365318,-0.517176763,0.5171767626994033
5795,1876,5176,619,17.76659856866306,18.189012447495962,0.10681622088006902,-0.422413879,0.42241387883290216
5590,1877,5030,560,17.798680432127234,18.09394926607143,0.1001788908765653,-0.295268834,0.29526883394419556
5945,1878,5329,615,17.81591663362732,18.34494115934959,0.10344827586206896,-0.529024526,0.5290245257222708
6139,1879,5546,592,17.866503317886767,18.51814417398649,0.096432644,-0.651640856,0.6516408560997213
6303,1880,5674,629,17.800136513746917,17.99291403720191,0.099793749,-0.192777523,0.19277752345499266
6165,1881,5529,635,17.8793803,18.14113669448819,0.1030008110300081,-0.261756398,0.26175639835868836
6392,1882,5785,605,17.959427580933447,18.38793708429752,0.094649562,-0.428509503,0.42850950336407223
6394,1883,5764,630,17.944598213393476,18.335893404761904,0.098529872,-0.391295191,0.39129519136842816
6663,1884,6057,605,17.90546106815255,18.244256424793388,0.09079994,-0.338795357,0.33879535664083704
6863,1885,6177,684,17.82675129221305,18.40968142836257,0.09966487,-0.582930136,0.5829301361495212
6884,1886,6199,684,18.013557279770932,18.220185123099416,0.099360837,-0.206627843,0.2066278433284836
6929,1887,6255,673,17.965443604284573,18.196761916196134,0.097128013,-0.231318312,0.23131831191156138
7297,1888,6571,725,17.912622153233908,18.444045452413793,0.0993559,-0.531423299,0.5314232991798846
7180,1889,6428,749,18.04453780466708,18.430851384512685,0.10431754874651811,-0.38631358,0.38631357984560566
7403,1890,6555,844,17.87326352265446,18.288345155213268,0.11400783466162366,-0.415081633,0.41508163255880604
7294,1891,6550,743,17.937634479083968,18.294669841184387,0.1018645462023581,-0.357035362,0.35703536210041875
7553,1892,6751,802,17.994781664908903,18.57455958354115,0.10618297365285317,-0.579777919,0.5797779186322458
7389,1893,6555,834,18.00688131902365,18.421162106834533,0.11287048315062931,-0.414280788,0.41428078781088473
7426,1894,6595,830,17.94935814450341,18.56039731204819,0.1117694586587665,-0.611039168,0.6110391675447815
7526,1895,6690,834,18.068355529566517,18.621210974820144,0.11081583842678713,-0.552855445,0.552855445
7569,1896,6684,885,17.912298712193298,18.771230021468927,0.11692429647245343,-0.858931309,0.8589313092756292
7583,1897,6728,854,18.02153742449465,18.81233220023419,0.11262033495977845,-0.790794776,0.7907947757395419
8114,1898,7182,932,17.984173504037873,18.60568494,0.11486319940842987,-0.621511435,0.6215114348033275
8004,1899,7030,973,18.015003805120912,18.544961832476876,0.12156421789105447,-0.529958027,0.5299580273559634
8693,1900,7649,1043,18.00448641208001,18.775010699904122,0.11998159438628782,-0.770524288,0.770524288
8348,1901,7400,946,18.07957776487838,18.687816398520084,0.11332055582175371,-0.608238634,0.6082386336417045
8790,1902,7720,1069,18.088607297538857,18.661295297474275,0.12161547212741752,-0.572688,0.5726879999354182
8804,1903,7731,1073,18.10164233255724,18.562112321528424,0.12187641980917764,-0.460469989,0.46046998897118385
8813,1904,7710,1102,18.06750632088197,18.542951768058078,0.12504255077726087,-0.475445447,0.4754454471761065
8993,1905,7903,1089,18.09623397340251,18.726367937557395,0.1210941843656177,-0.630133964,0.6301339641548864
9052,1906,7949,1098,18.149961328179646,18.72337330081967,0.12129916040653999,-0.573411973,0.5734119726400237
9178,1907,8063,1113,18.143143943197323,18.935200627133874,0.1212682501634343,-0.792056684,0.7920566839365506
9492,1908,8278,1212,18.134038443585407,18.693054405940597,0.1276864728192162,-0.559015962,0.5590159623551898
9493,1909,8352,1139,18.095030459578542,18.77965268217735,0.1199831454756136,-0.684622223,0.6846222225988079
9905,1910,8638,1267,18.055059191595277,18.776259032359906,0.12791519434628976,-0.721199841,0.7211998407646298
9393,1911,8257,1134,18.129562604577934,18.704387034391534,0.1207282018524433,-0.57482443,0.5748244298135994
9945,1912,8701,1242,18.14004342983565,18.739329463768115,0.1248868778280543,-0.599286034,0.599286034
9819,1913,8556,1262,18.181467534478728,18.747547724247227,0.1285263265098279,-0.56608019,0.56608019
10058,1914,8727,1328,18.17965381585883,18.79308216054217,0.13203420163054286,-0.613428345,0.6134283446833386
9299,1915,8080,1218,18.095501385148513,18.59607035632184,0.130981826,-0.500568971,0.5005689711733261
8801,1916,7659,1140,18.146512782856767,18.717189978947367,0.12953073514373367,-0.570677196,0.5706771960905996
8816,1917,7583,1231,18.21745883685876,18.934644601137286,0.13963248638838474,-0.717185764,0.7171857642785255
9038,1918,7722,1313,18.22073170758871,18.665942187357196,0.14527550342996237,-0.44521048,0.4452104797684875
9694,1919,8395,1298,18.088357618344254,18.93027257781202,0.13389725603466063,-0.841914959,0.8419149594677648
12189,1920,10522,1666,18.15743277541342,18.683493076230494,0.13668061366806136,-0.526060301,0.5260603008170754
11881,1921,10315,1563,18.216205619815803,18.82050645,0.13155458294756334,-0.604300826,0.6043008261214986
11354,1922,9794,1558,18.416500915478863,18.94966303465982,0.13722036286771183,-0.533162119,0.5331621191809575
11579,1923,9938,1638,18.397164047192593,18.918448196581195,0.14146299335003024,-0.521284149,0.5212841493886025
11961,1924,10298,1658,18.42378648,18.886432080820263,0.13861717247721764,-0.462645597,0.46264559654176196
12137,1925,10488,1649,18.41635467619184,18.87487347907823,0.13586553514047953,-0.458518803,0.45851880288638824
12168,1926,10471,1692,18.536407145477988,18.88519309042553,0.1390532544378698,-0.348785945,0.34878594494754367
12503,1927,10917,1584,18.440973148053494,18.98613022159091,0.12668959449732065,-0.545157074,0.545157074
12803,1928,11156,1646,18.57561633821262,19.057746340340216,0.1285636179020542,-0.482130002,0.4821300021275974
12691,1929,11004,1682,18.47599597868048,19.21149703210464,0.13253486722874477,-0.735501053,0.7355010534241586
13607,1930,11735,1869,18.568627117034513,18.886307613643663,0.13735577276401853,-0.317680497,0.31768049660914954
12184,1931,10542,1638,18.561900739432744,19.133743540293043,0.13443860801050558,-0.571842801,0.5718428008602991
12068,1932,10373,1691,18.591601990060735,19.03354001655825,0.14012263838249917,-0.441938026,0.4419380264975139
11615,1933,10057,1555,18.601066906930498,19.157864138906753,0.13387860525182954,-0.556797232,0.5567972319762546
12473,1934,10833,1636,18.603907482054833,18.94233855195599,0.131163313,-0.33843107,0.33843106990115857
12691,1935,10950,1735,18.607179406575344,18.95549578501441,0.136711055,-0.348316378,0.3483163784390655
12988,1936,11183,1799,18.659638079933828,19.088827177876595,0.13851247305204806,-0.429189098,0.4291890979427677
13318,1937,11434,1880,18.685292084406157,19.084525139361702,0.14116233668719028,-0.399233055,0.39923305495554473
14225,1938,12167,2058,18.618621732226515,19.127287256559768,0.14467486818980668,-0.508665524,0.508665524
14501,1939,12382,2111,18.65142187665159,19.084559083846518,0.14557616716088545,-0.433137207,0.4331372071949282
15716,1940,13235,2472,18.65715524245561,18.81140485169903,0.15729193178925935,-0.154249609,0.15424960924342201
15083,1941,12703,2373,18.778599786113517,19.032524254951536,0.15732944374461313,-0.253924469,0.25392446883801867
16332,1942,13583,2743,18.791465379584775,19.109099811884796,0.16795248591721773,-0.317634432,0.31763443230002153
17117,1943,14181,2929,18.788493461399053,19.116318151928986,0.17111643395454812,-0.327824691,0.32782469052993335
17203,1944,14282,2913,18.82960938715166,19.097689769996567,0.16933093065163052,-0.268080383,0.2680803828449072
16286,1945,13357,2919,18.860889234633525,19.14849849674546,0.17923369765442712,-0.287609262,0.2876092621119355
18275,1946,15085,3183,18.937435319085186,19.16852636726359,0.17417236662106703,-0.231091048,0.23109104817840276
19499,1947,16122,3367,18.916578744138445,19.30438146088506,0.17267552182163187,-0.387802717,0.3878027167466165
18728,1948,15409,3309,18.911188270588617,19.267514662737987,0.17668731311405383,-0.356326392,0.356326392
18394,1949,15021,3366,18.920426472904598,19.069264605763518,0.18299445471349354,-0.148838133,0.1488381328589199
20227,1950,16129,4085,18.789951219350236,19.022762722154223,0.20195777920601177,-0.232811503,0.23281150280398677
17874,1951,14539,3322,18.964502869901644,19.02770724653823,0.1858565514154638,-0.063204377,0.063204377
18601,1952,15135,3457,18.87990344714899,19.10645688718542,0.1858502231062846,-0.22655344,0.22655344003642952
18362,1953,14799,3553,18.878250171004797,18.993455762172815,0.19349744036597322,-0.115205591,0.11520559116801721
18645,1954,14850,3785,18.879712318962962,19.03088823397622,0.2030034861893269,-0.151175915,0.15117591501325833
18779,1955,15051,3718,18.902809184173808,19.066177164335663,0.19798711326481708,-0.16336798,0.16336798016185483
18484,1956,14710,3767,18.976331469979606,19.135613124502257,0.20379787924691625,-0.159281655,0.1592816545226512
18579,1957,14819,3752,18.95457457511978,19.095451184968017,0.20194843640669574,-0.14087661,0.14087660984823813
18486,1958,14536,3936,18.964142777786186,19.148838351117885,0.21291788380395976,-0.184695573,0.18469557333169817
18629,1959,14754,3860,18.98362030789616,19.145834857253885,0.20720382199796017,-0.162214549,0.16221454935772428
19607,1960,15278,4316,18.989554178779947,19.002586593836885,0.220125465,-0.013032415,0.013032415056937197
18773,1961,14698,4061,19.012015359130494,19.17585754814085,0.21632131252330475,-0.163842189,0.16384218901035652
19099,1962,14857,4230,19.04706129853268,19.196726143026005,0.22147756427038065,-0.149664844,0.1496648444933264
19209,1963,14894,4304,19.082474636679198,19.19162019121747,0.22406163777396013,-0.109145555,0.1091455545382729
19561,1964,15144,4398,19.032196791296883,19.329289712141883,0.22483513112826542,-0.297092921,0.2970929208449995
18839,1965,14440,4385,19.045882045470915,19.31921801459521,0.23276182387600192,-0.273335969,0.2733359691242967
18171,1966,13933,4221,19.066315471693102,19.304296466240228,0.23229321446260526,-0.237980995,0.23798099454712585
18228,1967,14047,4162,19.07042643012743,19.261258998462278,0.22833004169409699,-0.190832568,0.19083256833484796
18346,1968,14145,4188,19.088626929020855,19.436512486246418,0.228278644,-0.347885557,0.34788555722556325
18654,1969,14152,4484,19.164732039231204,19.380670905084745,0.24037739894928703,-0.215938866,0.21593886585354127
19385,1970,14594,4778,19.146386346354664,19.39423998451235,0.24647923652308487,-0.247853638,0.2478536381576859
18523,1971,14070,4434,19.211197683063254,19.478979282363554,0.23937807050693732,-0.267781599,0.26778159930029943
18296,1972,13771,4507,19.206526712569897,19.58718493010872,0.24633799737647574,-0.380658218,0.3806582175388229
17833,1973,13390,4434,19.254436827020164,19.497836755908885,0.24864016149834575,-0.243399929,0.24339992888872075
17997,1974,13466,4514,19.243351804292292,19.59518089122729,0.25081958104128466,-0.351829087,0.35182908693499826
17855,1975,13235,4612,19.184748953434077,19.538426806526452,0.25830299635956316,-0.353677853,0.35367785309237476
17716,1976,13187,4515,19.30317866562524,19.59530131133998,0.25485436893203883,-0.292122646,0.2921226457147412
17768,1977,13139,4608,19.28726838549357,19.509684254947917,0.25934263845114813,-0.222415869,0.22241586945434833
17745,1978,13141,4591,19.295306571044822,19.70872106467001,0.2587207664130741,-0.413414494,0.41341449362518645
18428,1979,13676,4733,19.332123712796136,19.74364915,0.2568374213153896,-0.41152544,0.41152544
19416,1980,14098,5300,19.32666553468577,19.582415373924526,0.272970746,-0.255749839,0.2557498392387565
19283,1981,14338,4926,19.410410819186776,19.851882038367844,0.25545817559508377,-0.441471219,0.4414712191810679
19359,1982,14329,5012,19.299286040393607,19.768407776855547,0.25889767033421146,-0.469121736,0.4691217364619398
19300,1983,14367,4912,19.370935110976543,19.775922501262215,0.2545077720207254,-0.40498739,0.40498739028567243
19624,1984,14520,5085,19.44592991,19.712688194532937,0.25912148389726863,-0.266758281,0.26675828144753666
20134,1985,14968,5148,19.40230323546232,19.803140273115773,0.25568689778484155,-0.400837038,0.4008370376534529
19998,1986,14948,5023,19.486934136212202,19.812291983675095,0.2511751175117512,-0.325357847,0.3253578474628931
19943,1987,14972,4945,19.44300882191424,19.767717489059656,0.2479566765281051,-0.324708667,0.3247086671454156
20215,1988,15146,5039,19.417697813284036,19.649218967850764,0.24927034380410587,-0.231521155,0.23152115456672817
19521,1989,14812,4685,19.41442887010532,19.64776134108858,0.23999795092464526,-0.233332471,0.23333247098326027
19671,1990,14822,4815,19.35745356703549,19.464546279252335,0.24477657465304256,-0.107092712,0.10709271221684702
18143,1991,13828,4285,19.276348277408157,19.321704685694282,0.23617924268312848,-0.045356408,0.045356408
17426,1992,13234,4162,19.215549953430557,19.246251547549257,0.23883851715826926,-0.030701594,0.030701594
15998,1993,12223,3730,19.100985312885545,19.12548506600536,0.2331541442680335,-0.024499753,0.024499753119815892
14830,1994,11231,3567,18.930734008102572,18.98370477033922,0.24052596089008765,-0.052970762,0.052970762
12483,1995,9557,2869,18.698683940776395,18.773874184384802,0.2298325722983257,-0.075190244,0.075190244
10679,1996,8129,2496,18.518366486861854,18.66231552628205,0.23372974997658957,-0.143949039,0.1439490394201961
8853,1997,6722,2082,18.213221554596846,18.50073308,0.2351745171128431,-0.287511527,0.2875115269593529
6489,1998,4890,1541,17.814531547525565,18.393377316677483,0.23747881029434428,-0.578845769,0.5788457691519184
4201,1999,2970,1187,17.58531502962963,18.27817866798652,0.28255177338728876,-0.692863638,0.692863638
2472,2000,1615,829,17.458629107058822,18.213923950542824,0.3353559870550162,-0.755294843,0.7552948434840019
1110,2001,598,502,17.426150091304347,18.667057510159363,0.45225225225225224,-1.240907419,1.2409074188550164
491,2002,225,266,18.531231906666665,19.526188360902257,0.5417515274949084,-0.994956454,0.9949564542355915
286,2003,117,169,20.048792683760684,19.393159124260354,0.5909090909090909,0.6556335595003304,-0.65563356
225,2004,110,115,18.900651663636364,20.560134426086954,0.5111111111111111,-1.659482762,1.6594827624505903
132,2005,64,68,20.03098389,20.292615661764703,0.5151515151515151,-0.261631771,0.2616317711397045
92,2006,43,49,18.555608837209302,20.113741224489797,0.532608696,-1.558132387,1.5581323872804944
89,2007,49,39,18.816603428571426,21.266378794871795,0.43820224719101125,-2.449775366,2.4497753663003685
72,2008,43,29,19.14921537209302,18.919564241379312,0.4027777777777778,0.2296511307137088,-0.229651131
46,2009,26,20,18.23232053846154,18.37868685,0.43478260869565216,-0.146366312,0.14636631153846125
74,2010,40,34,17.79515348,17.89812,0.4594594594594595,-0.102966525,0.10296652499999936
42,2011,26,16,18.917953807692307,18.76474913,0.38095238095238093,0.15320468269230503,-0.153204683
32,2012,20,12,17.3728263,20.104542,0.375,-2.7317157,2.7317156999999987
65,2013,45,20,18.603001066666668,18.77026295,0.3076923076923077,-0.167261883,0.1672618833333317
38,2014,24,14,18.04181475,20.916998142857146,0.3684210526315789,-2.875183393,2.8751833928571457
79,2015,59,20,17.672325101694916,18.51723875,0.25316455696202533,-0.844913648,0.8449136483050843
5,2016,4,1,25.91931775,18.14669,0.2,7.772627750000002,-7.77262775
2,2017,2,,23.2065525,,,,
2,2018,1,1,29.260796,25.497231,0.5,3.763565,-3.763565